data;horario;n_da_ocorrencia;tipo_de_ocorrencia;km;trecho;sentido;tipo_de_acidente;automovel;bicicleta;caminhao;moto;onibus;outros;tracao_animal;transporte_de_cargas_especiais;trator_maquinas;utilitarios;ilesos;levemente_feridos;moderadamente_feridos;gravemente_feridos;mortos
"28/08/2017";"07:20:00";"79";"com vítima";"334";"BR-101/RJ";"Norte";"Colisão - Traseira";1;0;0;1;0;0;0;0;0;0;0;0;1;0;0
"30/08/2017";"07:49:00";"22";"sem vítima";"323.5";"BR-101/RJ";"Norte";"Colisão - Traseira";0;0;1;0;1;0;0;0;0;0;4;0;0;0;0
"31/08/2017";"08:06:00";"25";"sem vítima";"321";"BR-101/RJ";"Norte";"Colisão - Traseira";2;0;0;0;0;0;0;0;0;0;2;0;0;0;0
"31/08/2017";"08:38:00";"29";"sem vítima";"322.3";"BR-101/RJ";"Norte";"Colisão - Traseira";2;0;0;0;0;0;0;0;0;0;2;0;0;0;0
"31/08/2017";"08:47:00";"30";"sem vítima";"322.8";"BR-101/RJ";"Sul";"Colisão - Traseira";3;0;0;0;0;0;0;0;0;0;2;0;0;0;0
"31/08/2017";"09:31:00";"36";"com vítima";"322.9";"BR-101/RJ";"Norte";"Engavetamento";3;0;0;0;0;0;0;0;0;0;2;2;0;0;0
"31/08/2017";"01:29:00";"70";"sem vítima";"321";"BR-101/RJ";"Norte";"Colisão - Traseira";2;0;0;0;0;0;0;0;0;0;2;0;0;0;0
"31/08/2017";"05:37:00";"95";"sem vítima";"321";"BR-101/RJ";"Norte";"Colisão - Lateral";1;0;0;0;1;0;0;0;0;0;2;0;0;0;0
"02/09/2017";"11:33:00";"36";"com vítima";"321";"BR-101/RJ";"Norte";"Colisão - Lateral";1;0;0;1;0;0;0;0;0;0;0;1;0;0;0
"03/09/2017";"06:46:00";"58";"com vítima";"330";"BR-101/RJ";"Norte";"Colisão - Traseira";0;0;0;0;1;0;0;0;0;1;0;1;0;0;0
"04/09/2017";"12:19:00";"43";"com vítima";"329";"BR-101/RJ";"Sul";"Colisão - Traseira";0;0;0;1;1;0;0;0;0;0;0;0;0;1;0
"04/09/2017";"05:32:00";"68";"sem vítima";"334";"BR-101/RJ";"Norte";"Engavetamento";3;0;0;1;0;0;0;0;0;0;4;0;0;0;0
"04/09/2017";"07:30:00";"81";"sem vítima";"331.5";"BR-101/RJ";"Norte";"Colisão - Traseira";1;0;0;0;0;0;0;0;0;1;1;0;0;0;0
"06/09/2017";"12:26:00";"3";"sem vítima";"323.5";"BR-101/RJ";"Norte";"Colisão - Traseira";1;0;0;0;0;0;0;0;0;1;2;0;0;0;0
"06/09/2017";"04:05:00";"78";"sem vítima";"322";"BR-101/RJ";"Norte";"Colisão - Traseira";2;0;0;0;0;0;0;0;0;0;2;0;0;0;0
"07/09/2017";"06:48:00";"100";"sem vítima";"322.8";"BR-101/RJ";"Norte";"Choque Praça";1;0;0;0;0;0;0;0;0;0;1;0;0;0;0
"07/09/2017";"07:18:00";"102";"sem vítima";"325";"BR-101/RJ";"Norte";"Colisão - Traseira";3;0;0;0;0;0;0;0;0;0;1;0;0;0;0
"08/09/2017";"04:51:00";"62";"com vítima";"326.5";"BR-101/RJ";"Norte";"Queda de moto";0;0;0;0;0;0;0;0;0;0;0;1;0;0;0
"09/09/2017";"11:13:00";"37";"sem vítima";"325.5";"BR-101/RJ";"Sul";"Engavetamento";3;0;0;0;0;0;0;0;0;0;10;0;0;0;0
"09/09/2017";"12:18:00";"40";"sem vítima";"321.5";"BR-101/RJ";"Sul";"Colisão - Traseira";0;0;0;0;0;0;0;0;0;0;2;0;0;0;0
"10/09/2017";"10:09:00";"22";"sem vítima";"321.5";"BR-101/RJ";"Sul";"Engavetamento";2;0;0;0;0;0;0;0;0;1;3;0;0;0;0
"11/09/2017";"10:32:00";"47";"sem vítima";"324";"BR-101/RJ";"Sul";"Colisão - Traseira";2;0;0;0;0;0;0;0;0;0;3;0;0;0;0
"11/09/2017";"05:33:00";"114";"sem vítima";"331.3";"BR-101/RJ";"Norte";"Colisão - Traseira";2;0;0;0;0;0;0;0;0;0;2;0;0;0;0
"12/09/2017";"10:03:00";"36";"com vítima";"325.4";"BR-101/RJ";"Sul";"Colisão - Traseira";2;0;0;1;0;0;0;0;0;0;0;2;0;0;0
"12/09/2017";"12:58:00";"64";"sem vítima";"322.1";"BR-101/RJ";"Norte";"Colisão - Lateral";3;0;0;0;0;0;0;0;0;0;3;0;0;0;0
"12/09/2017";"09:46:00";"119";"sem vítima";"334";"BR-101/RJ";"Sul";"Colisão - Traseira";1;0;0;0;1;0;0;0;0;0;1;0;0;0;0
"13/09/2017";"06:32:00";"18";"com vítima";"321";"BR-101/RJ";"Sul";"Queda de moto";0;0;0;0;0;0;0;0;0;0;0;1;0;0;0
"13/09/2017";"05:13:00";"77";"sem vítima";"334";"BR-101/RJ";"Norte";"Colisão - Traseira";0;0;0;0;0;0;0;0;0;0;2;0;0;0;0
"13/09/2017";"08:49:00";"103";"sem vítima";"323.5";"BR-101/RJ";"Norte";"Colisão - Traseira";1;0;0;1;0;0;0;0;0;0;2;0;0;0;0
"14/09/2017";"08:05:00";"24";"sem vítima";"322.3";"BR-101/RJ";"Sul";"Colisão - Lateral";2;0;0;0;0;0;0;0;0;0;2;0;0;0;0
"14/09/2017";"02:27:00";"65";"sem vítima";"330";"BR-101/RJ";"Sul";"Colisão - Traseira";0;0;0;0;0;0;0;0;0;0;1;0;0;0;0
"14/09/2017";"02:30:00";"66";"sem vítima";"330";"BR-101/RJ";"Norte";"Colisão - Traseira";2;0;0;0;0;0;0;0;0;0;2;0;0;0;0
"14/09/2017";"04:44:00";"80";"com vítima";"321";"BR-101/RJ";"Norte";"Colisão - Traseira";1;0;0;1;0;0;0;0;0;0;0;1;0;0;0
"14/09/2017";"09:12:00";"103";"sem vítima";"327.2";"BR-101/RJ";"Norte";"Colisão - Traseira";2;0;0;0;0;0;0;0;0;0;2;0;0;0;0
"15/09/2017";"06:05:00";"23";"sem vítima";"323.5";"BR-101/RJ";"Norte";"Colisão - Traseira";1;0;0;0;0;0;0;0;0;1;3;0;0;0;0
"15/09/2017";"01:52:00";"66";"sem vítima";"324.5";"BR-101/RJ";"Norte";"Colisão - Traseira";3;0;0;0;0;0;0;0;0;0;3;0;0;0;0
"15/09/2017";"06:22:00";"113";"sem vítima";"331";"BR-101/RJ";"Norte";"Colisão - Traseira";1;0;0;0;0;0;0;0;0;0;1;0;0;0;0
"16/09/2017";"08:41:00";"33";"com vítima";"326.4";"BR-101/RJ";"Sul";"Colisão - Traseira";1;0;0;0;0;0;0;0;0;1;1;0;1;0;0
"16/09/2017";"10:23:00";"57";"sem vítima";"321";"BR-101/RJ";"Sul";"Colisão - Traseira";2;0;0;0;0;0;0;0;0;0;1;0;0;0;0
"16/09/2017";"10:40:00";"60";"sem vítima";"324.5";"BR-101/RJ";"Sul";"Colisão - Traseira";2;0;0;0;0;0;0;0;0;0;2;0;0;0;0
"18/09/2017";"06:00:00";"17";"sem vítima";"324.5";"BR-101/RJ";"Sul";"Colisão - Traseira";2;0;0;0;0;0;0;0;0;0;2;0;0;0;0
"18/09/2017";"03:43:00";"76";"sem vítima";"334";"BR-101/RJ";"Norte";"Colisão - Traseira";3;0;0;0;0;0;0;0;0;0;3;0;0;0;0
"18/09/2017";"08:07:00";"93";"sem vítima";"321";"BR-101/RJ";"Sul";"Colisão - Lateral";1;0;1;0;0;0;0;0;0;0;2;0;0;0;0
"19/09/2017";"07:20:00";"16";"sem vítima";"322.3";"BR-101/RJ";"Sul";"Colisão - Traseira";2;0;0;0;0;0;0;0;0;0;2;0;0;0;0
"21/09/2017";"06:06:00";"9";"com vítima";"330.7";"BR-101/RJ";"Norte";"Colisão - Traseira";0;0;0;0;1;0;0;0;0;1;0;2;1;0;0
"21/09/2017";"07:36:00";"15";"sem vítima";"322.8";"BR-101/RJ";"Norte";"Choque - Sinalização";0;0;0;0;0;0;0;0;0;1;1;0;0;0;0
"21/09/2017";"07:41:00";"16";"sem vítima";"325";"BR-101/RJ";"Sul";"Colisão - Traseira";2;0;0;0;0;0;0;0;0;0;3;0;0;0;0
"21/09/2017";"09:29:00";"35";"sem vítima";"324.5";"BR-101/RJ";"Norte";"Colisão - Lateral";2;0;0;0;0;0;0;0;0;0;2;0;0;0;0
"21/09/2017";"04:26:00";"96";"sem vítima";"329";"BR-101/RJ";"Norte";"Colisão - Traseira";2;0;0;0;0;0;0;0;0;0;2;0;0;0;0
"21/09/2017";"10:14:00";"114";"sem vítima";"333";"BR-101/RJ";"Norte";"Colisão - Traseira";2;0;1;0;0;0;0;0;0;0;1;0;0;0;0
"22/09/2017";"07:40:00";"18";"com vítima";"325.5";"BR-101/RJ";"Sul";"Colisão - Lateral";0;0;0;1;0;0;0;0;0;1;1;0;1;0;0
"22/09/2017";"09:07:00";"25";"sem vítima";"322.5";"BR-101/RJ";"Sul";"Colisão - Lateral";1;0;0;1;0;0;0;0;0;0;2;0;0;0;0
"22/09/2017";"02:52:00";"57";"sem vítima";"323";"BR-101/RJ";"Norte";"Colisão - Traseira";0;0;0;0;0;0;0;0;0;0;1;0;0;0;0
"22/09/2017";"05:13:00";"72";"com vítima";"328";"BR-101/RJ";"Norte";"Colisão - Traseira";2;0;0;0;0;0;0;0;0;0;0;2;0;0;0
"22/09/2017";"05:32:00";"75";"sem vítima";"324.5";"BR-101/RJ";"Sul";"Colisão - Traseira";1;0;0;0;0;0;0;0;0;0;0;0;0;0;0
"22/09/2017";"08:29:00";"101";"sem vítima";"322.8";"BR-101/RJ";"Norte";"Engavetamento";3;0;0;0;0;0;0;0;0;0;3;0;0;0;0
"23/09/2017";"09:32:00";"28";"com vítima";"334";"BR-101/RJ";"Norte";"Colisão - Lateral";0;0;1;0;1;0;0;0;0;0;0;3;0;0;0
"23/09/2017";"09:51:00";"32";"sem vítima";"322.5";"BR-101/RJ";"Norte";"Engavetamento";2;0;1;0;0;0;0;0;0;0;1;0;0;0;0
"23/09/2017";"01:25:00";"55";"sem vítima";"324.5";"BR-101/RJ";"Norte";"Colisão - Traseira";1;0;1;0;0;0;0;0;0;0;2;0;0;0;0
"23/09/2017";"01:58:00";"61";"sem vítima";"326.5";"BR-101/RJ";"Norte";"Colisão - Traseira";2;0;0;0;0;0;0;0;0;0;2;0;0;0;0
"24/09/2017";"04:50:00";"10";"com vítima";"326.8";"BR-101/RJ";"Norte";"Colisão - Lateral";1;0;0;0;0;0;0;0;0;1;3;0;1;0;0
"24/09/2017";"10:39:00";"60";"sem vítima";"333.5";"BR-101/RJ";"Norte";"Colisão - Lateral";1;0;1;0;0;0;0;0;0;0;1;0;0;0;0
"26/09/2017";"07:06:00";"25";"com vítima";"322.8";"BR-101/RJ";"Sul";"Colisão - Lateral";1;0;0;1;0;0;0;0;0;0;0;1;0;0;0
"26/09/2017";"03:14:00";"79";"com vítima";"327";"BR-101/RJ";"Sul";"Colisão - Lateral";1;0;1;0;0;0;0;0;0;0;0;1;0;0;0
"26/09/2017";"06:19:00";"123";"sem vítima";"334";"BR-101/RJ";"Norte";"Colisão - Traseira";2;0;0;0;0;0;0;0;0;0;1;0;0;0;0
"27/09/2017";"04:24:00";"78";"sem vítima";"325.5";"BR-101/RJ";"Sul";"Colisão - Traseira";2;0;0;0;0;0;0;0;0;0;2;0;0;0;0
"27/09/2017";"05:29:00";"92";"sem vítima";"334";"BR-101/RJ";"Norte";"Colisão - Traseira";2;0;0;0;0;0;0;0;0;0;2;0;0;0;0
"28/09/2017";"06:08:00";"18";"sem vítima";"324.5";"BR-101/RJ";"Sul";"Colisão - Traseira";1;0;0;0;0;0;0;0;0;0;3;0;0;0;0
"28/09/2017";"03:36:00";"63";"com vítima";"324.5";"BR-101/RJ";"Norte";"Queda de moto";0;0;0;1;0;0;0;0;0;0;0;1;0;0;0
"29/09/2017";"06:56:00";"13";"com vítima";"321";"BR-101/RJ";"Norte";"Choque - Meio Fio";1;0;0;0;0;0;0;0;0;0;0;1;0;0;0
"29/09/2017";"03:21:00";"60";"com vítima";"322.8";"BR-101/RJ";"Norte";"Colisão - Transversal";2;0;0;0;0;0;0;0;0;0;1;1;0;0;0
"29/09/2017";"06:59:00";"89";"sem vítima";"326";"BR-101/RJ";"Norte";"Colisão - Traseira";3;0;0;0;0;0;0;0;0;0;3;0;0;0;0
"30/09/2017";"01:35:00";"42";"sem vítima";"321";"BR-101/RJ";"Norte";"Engavetamento";3;0;0;0;0;0;0;0;0;0;1;0;0;0;0
"01/10/2017";"02:21:00";"33";"sem vítima";"325";"BR-101/RJ";"Norte";"Colisão - Traseira";2;0;0;0;0;0;0;0;0;0;1;0;0;0;0
"02/10/2017";"07:57:00";"23";"sem vítima";"322.3";"BR-101/RJ";"Sul";"Colisão - Lateral";1;0;0;0;1;0;0;0;0;0;2;0;0;0;0
"03/10/2017";"06:12:00";"14";"sem vítima";"334";"BR-101/RJ";"Sul";"Colisão - Lateral";1;0;1;0;0;0;0;0;0;0;2;0;0;0;0
"04/10/2017";"03:30:00";"93";"com vítima";"326.6";"BR-101/RJ";"Sul";"Colisão - Traseira";1;0;0;1;0;0;0;0;0;0;0;0;1;0;0
"06/10/2017";"10:27:00";"35";"sem vítima";"321";"BR-101/RJ";"Norte";"Engavetamento";3;0;0;0;0;0;0;0;0;0;3;0;0;0;0
"06/10/2017";"05:11:00";"98";"com vítima";"322.5";"BR-101/RJ";"Norte";"Colisão - Traseira";2;0;0;0;0;0;0;0;0;0;0;3;0;0;0
"06/10/2017";"05:17:00";"100";"sem vítima";"323.5";"BR-101/RJ";"Norte";"Colisão - Traseira";2;0;0;0;0;0;0;0;0;0;2;0;0;0;0
"06/10/2017";"09:19:00";"137";"sem vítima";"323.2";"BR-101/RJ";"Norte";"Colisão - Traseira";2;0;0;0;0;0;0;0;0;0;2;0;0;0;0
"07/10/2017";"10:22:00";"36";"sem vítima";"321";"BR-101/RJ";"Norte";"Colisão - Lateral";1;0;0;0;1;0;0;0;0;0;2;0;0;0;0
"10/10/2017";"08:22:00";"28";"sem vítima";"332";"BR-101/RJ";"Sul";"Colisão - Traseira";3;0;0;0;0;0;0;0;0;0;1;0;0;0;0
"10/10/2017";"10:16:00";"40";"sem vítima";"334";"BR-101/RJ";"Norte";"Colisão - Traseira";0;0;1;0;1;0;0;0;0;0;1;0;0;0;0
"10/10/2017";"12:15:00";"63";"sem vítima";"321";"BR-101/RJ";"Sul";"Colisão - Traseira";2;0;0;0;0;0;0;0;0;0;1;0;0;0;0
"10/10/2017";"01:09:00";"69";"sem vítima";"322.8";"BR-101/RJ";"Norte";"Colisão - Traseira";1;0;0;0;0;0;0;0;0;1;1;0;0;0;0
"11/10/2017";"11:32:00";"57";"sem vítima";"322.8";"BR-101/RJ";"Norte";"Colisão - Traseira";1;0;0;1;0;0;0;0;0;0;3;0;0;0;0
"11/10/2017";"11:37:00";"58";"sem vítima";"322.8";"BR-101/RJ";"Norte";"Colisão - Lateral";1;0;1;0;0;0;0;0;0;0;0;0;0;0;0
"11/10/2017";"02:17:00";"78";"sem vítima";"329";"BR-101/RJ";"Norte";"Colisão - Traseira";2;0;0;1;0;0;0;0;0;0;3;0;0;0;0
"12/10/2017";"05:36:00";"10";"sem vítima";"322.1";"BR-101/RJ";"Norte";"Colisão - Traseira";2;0;0;0;0;0;0;0;0;0;5;0;0;0;0
"12/10/2017";"08:34:00";"36";"sem vítima";"321";"BR-101/RJ";"Sul";"Colisão - Traseira";4;0;0;0;0;0;0;0;0;0;3;0;0;0;0
"12/10/2017";"09:38:00";"42";"sem vítima";"330";"BR-101/RJ";"Norte";"Colisão - Traseira";2;0;0;0;0;0;0;0;0;0;2;0;0;0;0
"12/10/2017";"12:39:00";"57";"com vítima";"321";"BR-101/RJ";"Norte";"Colisão - Lateral";1;0;0;1;0;0;0;0;0;0;1;1;0;0;0
"12/10/2017";"06:58:00";"85";"sem vítima";"325";"BR-101/RJ";"Sul";"Colisão - Lateral";2;0;0;0;0;0;0;0;0;0;2;0;0;0;0
"13/10/2017";"03:17:00";"73";"sem vítima";"323";"BR-101/RJ";"Norte";"Colisão - Traseira";1;0;0;0;0;0;0;0;0;1;2;0;0;0;0
"14/10/2017";"11:10:00";"38";"com vítima";"323.2";"BR-101/RJ";"Sul";"Colisão - Traseira";1;0;0;1;0;0;0;0;0;0;0;0;0;1;0
"14/10/2017";"04:05:00";"63";"sem vítima";"322.3";"BR-101/RJ";"Norte";"Choque Defensa";0;0;0;0;1;0;0;0;0;0;1;0;0;0;0
"15/10/2017";"04:06:00";"7";"sem vítima";"326.5";"BR-101/RJ";"Norte";"Colisão - Traseira";2;0;0;0;0;0;0;0;0;0;2;0;0;0;0
"15/10/2017";"08:22:00";"25";"sem vítima";"334";"BR-101/RJ";"Norte";"Colisão - Traseira";2;0;0;0;0;0;0;0;0;0;1;0;0;0;0
"15/10/2017";"09:26:00";"27";"sem vítima";"322.8";"BR-101/RJ";"Norte";"Colisão - Traseira";2;0;0;0;0;0;0;0;0;0;1;0;0;0;0
"16/10/2017";"03:46:00";"75";"sem vítima";"324.5";"BR-101/RJ";"Sul";"Colisão - Traseira";0;0;0;0;2;0;0;0;0;0;2;0;0;0;0
"16/10/2017";"04:37:00";"80";"sem vítima";"333.5";"BR-101/RJ";"Sul";"Colisão - Traseira";3;0;0;0;0;0;0;0;0;0;1;0;0;0;0
"17/10/2017";"10:42:00";"29";"sem vítima";"321";"BR-101/RJ";"Norte";"Colisão - Traseira";0;0;0;0;0;0;0;0;0;0;1;0;0;0;0
"18/10/2017";"06:35:00";"12";"sem vítima";"329";"BR-101/RJ";"Sul";"Colisão - Traseira";2;0;0;0;0;0;0;0;0;0;1;0;0;0;0
"18/10/2017";"07:22:00";"21";"com vítima";"325";"BR-101/RJ";"Sul";"Colisão - Traseira";1;0;0;1;0;0;0;0;0;0;0;1;0;0;0
"18/10/2017";"04:48:00";"73";"sem vítima";"322.8";"BR-101/RJ";"Norte";"Colisão - Traseira";2;0;0;0;0;0;0;0;0;0;1;0;0;0;0
"19/10/2017";"07:20:00";"103";"sem vítima";"328.5";"BR-101/RJ";"Norte";"Colisão - Lateral";1;0;1;0;0;0;0;0;0;0;2;0;0;0;0
"19/10/2017";"07:24:00";"104";"sem vítima";"322";"BR-101/RJ";"Norte";"Colisão - Lateral";1;0;1;0;0;0;0;0;0;0;2;0;0;0;0
"20/10/2017";"03:07:00";"72";"sem vítima";"324.5";"BR-101/RJ";"Norte";"Colisão - Lateral";2;0;0;0;0;0;0;0;0;0;2;0;0;0;0
"20/10/2017";"04:29:00";"85";"sem vítima";"333.5";"BR-101/RJ";"Norte";"Colisão - Traseira";0;0;0;2;0;0;0;0;0;0;2;0;0;0;0
"20/10/2017";"04:58:00";"90";"sem vítima";"332";"BR-101/RJ";"Sul";"Colisão - Traseira";2;0;0;0;0;0;0;0;0;0;2;0;0;0;0
"23/10/2017";"02:12:00";"2";"sem vítima";"321";"BR-101/RJ";"Norte";"Choque - Meio Fio";1;0;0;0;0;0;0;0;0;0;1;0;0;0;0
"23/10/2017";"05:14:00";"6";"sem vítima";"321";"BR-101/RJ";"Norte";"Choque Defensa";1;0;0;0;0;0;0;0;0;0;1;0;0;0;0
"23/10/2017";"09:50:00";"38";"sem vítima";"334";"BR-101/RJ";"Sul";"Colisão - Traseira";1;0;0;0;0;0;0;0;0;1;1;0;0;0;0
"23/10/2017";"05:23:00";"85";"sem vítima";"322";"BR-101/RJ";"Norte";"Capotamento";3;0;0;0;0;0;0;0;0;0;1;0;0;0;0
"24/10/2017";"12:03:00";"45";"sem vítima";"331.5";"BR-101/RJ";"Sul";"Colisão - Traseira";1;0;0;0;0;0;0;0;0;1;1;0;0;0;0
"24/10/2017";"02:35:00";"57";"sem vítima";"334";"BR-101/RJ";"Sul";"Colisão - Lateral";0;0;0;0;0;0;0;0;0;1;1;0;0;0;0
"25/10/2017";"07:13:00";"15";"sem vítima";"325";"BR-101/RJ";"Sul";"Colisão - Lateral";1;0;0;0;1;0;0;0;0;0;2;0;0;0;0
"25/10/2017";"08:08:00";"22";"sem vítima";"322.5";"BR-101/RJ";"Sul";"Colisão - Traseira";1;0;0;0;1;0;0;0;0;0;2;0;0;0;0
"27/10/2017";"06:28:00";"85";"sem vítima";"334";"BR-101/RJ";"Sul";"Colisão - Traseira";1;0;0;0;0;0;0;0;0;1;2;0;0;0;0
"29/10/2017";"11:49:00";"90";"com vítima";"321";"BR-101/RJ";"Norte";"Queda de moto";0;0;0;1;0;0;0;0;0;0;0;1;0;0;0
"30/10/2017";"04:41:00";"88";"sem vítima";"321";"BR-101/RJ";"Norte";"Colisão - Lateral";1;0;1;0;0;0;0;0;0;0;2;0;0;0;0
"30/10/2017";"10:11:00";"113";"sem vítima";"333.5";"BR-101/RJ";"Norte";"Colisão - Traseira";1;0;0;0;1;0;0;0;0;0;1;0;0;0;0
"31/10/2017";"08:20:00";"17";"com vítima";"322.3";"BR-101/RJ";"Norte";"Colisão - Traseira";1;0;0;1;0;0;0;0;0;0;0;2;0;0;0
"31/10/2017";"01:49:00";"56";"com vítima";"321";"BR-101/RJ";"Norte";"Engavetamento";3;0;0;0;0;0;0;0;0;0;0;3;0;0;0
"01/11/2017";"04:37:00";"5";"sem vítima";"326.8";"BR-101/RJ";"Norte";"Choque Defensa";1;0;0;0;0;0;0;0;0;0;3;0;0;0;0
"03/11/2017";"05:23:00";"57";"sem vítima";"322.8";"BR-101/RJ";"Norte";"Engavetamento";4;0;0;1;0;0;0;0;0;0;9;0;0;0;0
"05/11/2017";"11:43:00";"26";"sem vítima";"326.5";"BR-101/RJ";"Norte";"Colisão - Traseira";2;0;0;0;0;0;0;0;0;0;2;0;0;0;0
"06/11/2017";"03:17:00";"7";"sem vítima";"322";"BR-101/RJ";"Norte";"Colisão - Lateral";1;0;0;0;0;0;0;0;0;0;1;0;0;0;0
"06/11/2017";"03:54:00";"64";"sem vítima";"327.5";"BR-101/RJ";"Norte";"Colisão - Lateral";2;0;0;0;0;0;0;0;0;0;1;0;0;0;0
"06/11/2017";"06:52:00";"85";"sem vítima";"321";"BR-101/RJ";"Norte";"Colisão - Traseira";2;0;0;0;0;0;0;0;0;0;2;0;0;0;0
"06/11/2017";"10:59:00";"103";"com vítima";"328";"BR-101/RJ";"Sul";"Colisão - Traseira";1;0;0;1;0;0;0;0;0;1;0;0;0;1;0
"07/11/2017";"05:03:00";"7";"com vítima";"322.8";"BR-101/RJ";"Norte";"Colisão - Lateral";0;0;0;1;0;0;0;0;0;0;0;1;0;0;0
"07/11/2017";"07:24:00";"76";"sem vítima";"322.5";"BR-101/RJ";"Norte";"Colisão - Traseira";2;0;0;0;0;0;0;0;0;0;2;0;0;0;0
"08/11/2017";"08:25:00";"25";"sem vítima";"325";"BR-101/RJ";"Sul";"Colisão - Traseira";3;0;0;0;0;0;0;0;0;0;3;0;0;0;0
"08/11/2017";"08:38:00";"101";"sem vítima";"321";"BR-101/RJ";"Sul";"Choque - Meio Fio";1;0;0;0;0;0;0;0;0;0;2;0;0;0;0
"08/11/2017";"09:44:00";"103";"sem vítima";"321";"BR-101/RJ";"Norte";"Queda de moto";0;0;0;1;0;0;0;0;0;0;1;0;0;0;0
"09/11/2017";"09:57:00";"38";"sem vítima";"324.5";"BR-101/RJ";"Sul";"Colisão - Lateral";2;0;0;0;0;0;0;0;0;0;2;0;0;0;0
"09/11/2017";"10:03:00";"39";"sem vítima";"324";"BR-101/RJ";"Sul";"Colisão - Traseira";0;0;0;0;0;0;0;0;0;0;2;0;0;0;0
"09/11/2017";"05:04:00";"81";"sem vítima";"328.1";"BR-101/RJ";"Norte";"Colisão - Lateral";1;0;1;0;0;0;0;0;0;0;2;0;0;0;0
"10/11/2017";"07:15:00";"17";"com vítima";"328";"BR-101/RJ";"Sul";"Colisão - Lateral";1;0;0;1;0;0;0;0;0;0;0;1;0;0;0
"10/11/2017";"11:30:00";"51";"sem vítima";"322.3";"BR-101/RJ";"Norte";"Choque Defensa";0;0;1;0;0;0;0;0;0;0;1;0;0;0;0
"10/11/2017";"02:24:00";"73";"sem vítima";"321";"BR-101/RJ";"Norte";"Colisão - Traseira";1;0;0;0;1;0;0;0;0;0;1;0;0;0;0
"10/11/2017";"07:45:00";"129";"sem vítima";"327.5";"BR-101/RJ";"Norte";"Colisão - Traseira";2;0;0;0;0;0;0;0;0;0;1;0;0;0;0
"10/11/2017";"08:07:00";"131";"sem vítima";"333";"BR-101/RJ";"Sul";"Colisão - Traseira";1;0;0;0;0;0;0;0;0;0;1;0;0;0;0
"11/11/2017";"02:46:00";"9";"sem vítima";"324";"BR-101/RJ";"Norte";"Choque Barreira";1;0;0;0;0;0;0;0;0;0;1;0;0;0;0
"11/11/2017";"10:57:00";"46";"sem vítima";"324.5";"BR-101/RJ";"Norte";"Colisão - Traseira";1;0;0;0;1;0;0;0;0;0;2;0;0;0;0
"11/11/2017";"02:45:00";"65";"sem vítima";"325";"BR-101/RJ";"Norte";"Colisão - Traseira";1;0;0;1;0;0;0;0;0;0;1;0;0;0;0
"11/11/2017";"04:03:00";"74";"com vítima";"331";"BR-101/RJ";"Norte";"Queda de moto";0;0;0;1;0;0;0;0;0;0;0;0;1;0;0
"11/11/2017";"05:34:00";"89";"sem vítima";"322.3";"BR-101/RJ";"Sul";"Choque Barreira";1;0;0;0;0;0;0;0;0;0;1;0;0;0;0
"11/11/2017";"07:30:00";"99";"sem vítima";"324";"BR-101/RJ";"Norte";"Colisão - Traseira";2;0;0;0;0;0;0;0;0;0;1;0;0;0;0
"12/11/2017";"03:54:00";"8";"sem vítima";"322.8";"BR-101/RJ";"Norte";"Colisão - Traseira";2;0;0;0;0;0;0;0;0;0;2;0;0;0;0
"12/11/2017";"05:08:00";"58";"com vítima";"326.5";"BR-101/RJ";"Norte";"Engavetamento";4;0;0;0;0;0;0;0;0;0;0;2;0;0;0
"13/11/2017";"12:47:00";"4";"com vítima";"334";"BR-101/RJ";"Norte";"Colisão - Traseira";1;0;0;0;0;0;0;0;0;0;0;1;0;0;0
"13/11/2017";"08:52:00";"27";"sem vítima";"326.5";"BR-101/RJ";"Norte";"Colisão - Traseira";1;0;0;0;0;0;0;0;0;0;1;0;0;0;0
"13/11/2017";"05:14:00";"81";"sem vítima";"332";"BR-101/RJ";"Norte";"Queda de moto";0;0;0;0;0;0;0;0;0;0;1;0;0;0;0
"14/11/2017";"06:40:00";"16";"com vítima";"326.5";"BR-101/RJ";"Norte";"Colisão - Traseira";0;0;1;1;0;0;0;0;0;0;0;0;1;0;0
"14/11/2017";"07:04:00";"19";"sem vítima";"334";"BR-101/RJ";"Norte";"Colisão - Traseira";2;0;0;0;0;0;0;0;0;0;2;0;0;0;0
"14/11/2017";"12:54:00";"64";"sem vítima";"322.1";"BR-101/RJ";"Norte";"Engavetamento";3;0;0;0;0;0;0;0;0;0;3;0;0;0;0
"14/11/2017";"04:17:00";"84";"sem vítima";"325";"BR-101/RJ";"Norte";"Colisão - Traseira";2;0;0;0;0;0;0;0;0;0;2;0;0;0;0
"15/11/2017";"01:01:00";"41";"sem vítima";"334";"BR-101/RJ";"Norte";"Colisão - Traseira";2;0;0;0;0;0;0;0;0;0;3;0;0;0;0
"16/11/2017";"06:31:00";"9";"sem vítima";"322.3";"BR-101/RJ";"Norte";"Choque Defensa";1;0;1;0;0;0;0;0;0;0;1;0;0;0;0
"16/11/2017";"10:42:00";"43";"sem vítima";"324.5";"BR-101/RJ";"Sul";"Colisão - Traseira";1;0;0;1;0;0;0;0;0;0;1;0;0;0;0
"16/11/2017";"10:50:00";"44";"sem vítima";"325";"BR-101/RJ";"Sul";"Colisão - Traseira";3;0;0;0;0;0;0;0;0;0;1;0;0;0;0
"16/11/2017";"11:02:00";"48";"sem vítima";"324.5";"BR-101/RJ";"Sul";"Colisão - Traseira";2;0;0;0;0;0;0;0;0;0;1;0;0;0;0