data;horario;n_da_ocorrencia;tipo_de_ocorrencia;km;trecho;sentido;tipo_de_acidente;automovel;bicicleta;caminhao;moto;onibus;outros;tracao_animal;transporte_de_cargas_especiais;trator_maquinas;utilitarios;ilesos;levemente_feridos;moderadamente_feridos;gravemente_feridos;mortos
"12/01/2018";"05:38:00";"110";"sem vítima";"327.8";"BR-101/RJ";"Norte";"Colisão - Traseira";0;0;0;0;0;0;0;0;0;0;3;0;0;0;0
"13/01/2018";"11:43:00";"55";"com vítima";"324.6";"BR-101/RJ";"Norte";"Colisão - Traseira";2;0;0;0;0;0;0;0;0;0;3;2;0;0;0
"14/01/2018";"04:04:00";"9";"com vítima";"321";"BR-101/RJ";"Sul";"Queda de moto";0;0;0;1;0;0;0;0;0;0;0;2;0;0;0
"15/01/2018";"07:43:00";"24";"sem vítima";"322.8";"BR-101/RJ";"Sul";"Colisão - Traseira";2;0;0;0;0;0;0;0;0;0;1;0;0;0;0
"15/01/2018";"10:06:00";"128";"com vítima";"333.5";"BR-101/RJ";"Norte";"Colisão - Traseira";0;0;0;1;0;0;0;0;0;0;0;1;0;0;0
"16/01/2018";"08:01:00";"96";"sem vítima";"322.8";"BR-101/RJ";"Norte";"Colisão - Traseira";2;0;0;0;0;0;0;0;0;0;2;0;0;0;0
"16/01/2018";"10:53:00";"112";"sem vítima";"324";"BR-101/RJ";"Norte";"Colisão - Traseira";2;0;0;0;0;0;0;0;0;0;2;0;0;0;0
"17/01/2018";"11:49:00";"54";"sem vítima";"333.5";"BR-101/RJ";"Sul";"Colisão - Traseira";1;0;1;0;0;0;0;0;0;0;1;0;0;0;0
"17/01/2018";"05:28:00";"95";"sem vítima";"325.7";"BR-101/RJ";"Sul";"Colisão - Traseira";0;0;0;0;2;0;0;0;0;0;1;0;0;0;0
"18/01/2018";"11:49:00";"60";"sem vítima";"334";"BR-101/RJ";"Norte";"Engavetamento";3;0;0;0;0;0;0;0;0;0;1;0;0;0;0
"18/01/2018";"12:57:00";"67";"sem vítima";"322.3";"BR-101/RJ";"Norte";"Colisão - Traseira";2;0;0;0;0;0;0;0;0;0;2;0;0;0;0
"19/01/2018";"12:33:00";"64";"com vítima";"333.5";"BR-101/RJ";"Norte";"Queda de moto";0;0;0;1;0;0;0;0;0;0;0;0;1;0;0
"19/01/2018";"11:36:00";"169";"sem vítima";"324.5";"BR-101/RJ";"Norte";"Colisão - Traseira";2;0;0;0;0;0;0;0;0;0;2;0;0;0;0
"20/01/2018";"12:54:00";"11";"sem vítima";"323.1";"BR-101/RJ";"Norte";"Colisão - Lateral";1;0;0;0;1;0;0;0;0;0;0;0;0;0;0
"20/01/2018";"04:48:00";"25";"com vítima";"334";"BR-101/RJ";"Norte";"Colisão - Traseira";2;0;0;0;0;0;0;0;0;0;0;0;1;0;0
"20/01/2018";"06:37:00";"31";"com vítima";"321";"BR-101/RJ";"Norte";"Capotamento";1;0;0;0;0;0;0;0;0;0;0;1;0;0;0
"20/01/2018";"08:18:00";"41";"com vítima";"325";"BR-101/RJ";"Norte";"Queda de moto";0;0;0;1;0;0;0;0;0;0;0;1;0;0;0
"20/01/2018";"10:54:00";"65";"sem vítima";"327";"BR-101/RJ";"Norte";"Colisão - Traseira";2;0;0;0;0;0;0;0;0;0;1;0;0;0;0
"20/01/2018";"02:36:00";"86";"sem vítima";"322.5";"BR-101/RJ";"Norte";"Colisão - Traseira";1;0;1;0;0;0;0;0;0;0;1;0;0;0;0
"20/01/2018";"07:18:00";"110";"sem vítima";"327.5";"BR-101/RJ";"Sul";"Colisão - Traseira";1;0;0;0;0;0;0;0;0;0;1;0;0;0;0
"21/01/2018";"04:21:00";"13";"sem vítima";"326.5";"BR-101/RJ";"Norte";"Colisão - Traseira";2;0;0;0;0;0;0;0;0;0;1;0;0;0;0
"22/01/2018";"12:21:00";"68";"com vítima";"321";"BR-101/RJ";"Norte";"Colisão - Traseira";2;0;0;0;0;0;0;0;0;0;0;3;0;0;0
"23/01/2018";"12:28:00";"55";"sem vítima";"332.1";"BR-101/RJ";"Sul";"Colisão - Traseira";1;0;0;0;1;0;0;0;0;0;2;0;0;0;0
"23/01/2018";"05:25:00";"97";"com vítima";"334";"BR-101/RJ";"Norte";"Colisão - Lateral";2;0;0;1;0;0;0;0;0;0;1;1;0;0;0
"24/01/2018";"06:46:00";"11";"sem vítima";"332";"BR-101/RJ";"Sul";"Colisão - Lateral";2;0;0;0;0;0;0;0;0;0;0;0;0;0;0
"25/01/2018";"03:59:00";"80";"sem vítima";"327";"BR-101/RJ";"Norte";"Colisão - Traseira";2;0;0;0;0;0;0;0;0;0;1;0;0;0;0
"26/01/2018";"11:47:00";"48";"sem vítima";"330";"BR-101/RJ";"Norte";"Colisão - Traseira";1;0;0;0;0;0;0;0;0;1;1;0;0;0;0
"26/01/2018";"12:31:00";"52";"com vítima";"326.5";"BR-101/RJ";"Norte";"Colisão - Traseira";0;0;1;0;2;0;0;0;0;0;0;1;0;0;0
"26/01/2018";"03:39:00";"89";"sem vítima";"325";"BR-101/RJ";"Norte";"Colisão - Traseira";0;0;0;0;0;0;0;0;0;0;2;0;0;0;0
"26/01/2018";"06:04:00";"114";"sem vítima";"334";"BR-101/RJ";"Norte";"Engavetamento";3;0;0;0;0;0;0;0;0;0;1;0;0;0;0
"27/01/2018";"07:16:00";"19";"com vítima";"322.8";"BR-101/RJ";"Norte";"Colisão - Traseira";3;0;0;0;0;0;0;0;0;0;0;2;0;0;0
"27/01/2018";"07:55:00";"22";"sem vítima";"330";"BR-101/RJ";"Norte";"Colisão - Lateral";2;0;0;0;0;0;0;0;0;0;2;0;0;0;0
"28/01/2018";"04:33:00";"68";"com vítima";"323.2";"BR-101/RJ";"Sul";"Colisão - Traseira";3;0;0;0;0;0;0;0;0;0;3;1;1;0;0
"28/01/2018";"06:03:00";"77";"sem vítima";"325";"BR-101/RJ";"Sul";"Engavetamento";3;0;0;0;0;0;0;0;0;0;1;0;0;0;0
"29/01/2018";"04:47:00";"63";"sem vítima";"334";"BR-101/RJ";"Norte";"Engavetamento";2;0;0;0;0;0;0;0;0;1;1;0;0;0;0
"29/01/2018";"05:45:00";"75";"sem vítima";"322.3";"BR-101/RJ";"Norte";"Colisão - Traseira";1;0;1;0;0;0;0;0;0;0;1;0;0;0;0
"30/01/2018";"07:11:00";"13";"com vítima";"328";"BR-101/RJ";"Sul";"Queda de moto";0;0;0;1;0;0;0;0;0;0;0;1;0;0;0
"30/01/2018";"03:34:00";"58";"sem vítima";"324";"BR-101/RJ";"Norte";"Colisão - Traseira";3;0;0;0;0;0;0;0;0;0;1;0;0;0;0
"30/01/2018";"06:35:00";"92";"sem vítima";"333";"BR-101/RJ";"Norte";"Queda de moto";0;0;0;1;0;0;0;0;0;0;1;0;0;0;0
"30/01/2018";"07:54:00";"102";"sem vítima";"323.4";"BR-101/RJ";"Norte";"Colisão - Traseira";3;0;0;0;0;0;0;0;0;0;1;0;0;0;0
"31/01/2018";"06:40:00";"31";"sem vítima";"325";"BR-101/RJ";"Sul";"Colisão - Lateral";0;0;0;0;2;0;0;0;0;0;2;0;0;0;0
"31/01/2018";"07:22:00";"36";"com vítima";"323.5";"BR-101/RJ";"Sul";"Colisão - Lateral";1;0;0;1;0;0;0;0;0;0;2;1;0;0;0
"31/01/2018";"08:00:00";"41";"com vítima";"331";"BR-101/RJ";"Norte";"Colisão - Traseira";1;0;0;1;0;0;0;0;0;0;1;0;1;0;0
"31/01/2018";"11:31:00";"124";"sem vítima";"330.4";"BR-101/RJ";"Norte";"Colisão - Traseira";2;0;0;0;0;0;0;0;0;0;1;0;0;0;0
"01/02/2018";"06:39:00";"20";"com vítima";"324";"BR-101/RJ";"Sul";"Colisão - Lateral";1;0;0;1;0;0;0;0;0;0;0;1;0;0;0
"01/02/2018";"04:10:00";"92";"sem vítima";"330.5";"BR-101/RJ";"Sul";"Queda de moto";0;0;0;0;0;0;0;0;0;0;1;0;0;0;0
"01/02/2018";"05:31:00";"104";"sem vítima";"331";"BR-101/RJ";"Norte";"Colisão - Traseira";3;0;0;0;0;0;0;0;0;0;3;0;0;0;0
"01/02/2018";"07:13:00";"121";"sem vítima";"332.5";"BR-101/RJ";"Norte";"Colisão - Traseira";1;0;0;0;1;0;0;0;0;0;1;0;0;0;0
"02/02/2018";"09:22:00";"28";"com vítima";"327.5";"BR-101/RJ";"Norte";"Colisão - Traseira";1;0;0;1;0;0;0;0;0;0;0;0;1;0;0
"02/02/2018";"10:17:00";"35";"com vítima";"333.5";"BR-101/RJ";"Sul";"Queda de moto";0;0;0;1;0;0;0;0;0;0;0;1;0;0;0
"02/02/2018";"12:40:00";"54";"sem vítima";"325";"BR-101/RJ";"Sul";"Colisão - Traseira";0;0;3;0;0;0;0;0;0;0;3;0;0;0;0
"03/02/2018";"02:21:00";"66";"sem vítima";"322.8";"BR-101/RJ";"Norte";"Colisão - Traseira";2;0;0;0;0;0;0;0;0;0;1;0;0;0;0
"03/02/2018";"04:03:00";"76";"sem vítima";"322.5";"BR-101/RJ";"Norte";"Colisão - Traseira";3;0;0;0;0;0;0;0;0;0;1;0;0;0;0
"04/02/2018";"10:41:00";"23";"com vítima";"330";"BR-101/RJ";"Sul";"Queda de moto";0;0;0;1;0;0;0;0;0;0;0;2;0;0;0
"05/02/2018";"03:37:00";"68";"sem vítima";"322.5";"BR-101/RJ";"Sul";"Colisão - Traseira";2;0;0;0;0;0;0;0;0;0;2;0;0;0;0
"05/02/2018";"04:05:00";"70";"com vítima";"325";"BR-101/RJ";"Norte";"Colisão - Lateral";1;0;0;1;0;0;0;0;0;0;0;1;0;0;0
"05/02/2018";"04:24:00";"73";"sem vítima";"325";"BR-101/RJ";"Norte";"Colisão - Traseira";0;0;0;0;0;0;0;0;0;0;2;0;0;0;0
"05/02/2018";"04:55:00";"78";"sem vítima";"322";"BR-101/RJ";"Sul";"Colisão - Lateral";2;0;0;0;0;0;0;0;0;0;2;0;0;0;0
"05/02/2018";"05:16:00";"81";"sem vítima";"326.5";"BR-101/RJ";"Sul";"Colisão - Traseira";2;0;0;0;0;0;0;0;0;0;1;0;0;0;0
"06/02/2018";"12:59:00";"3";"com vítima";"321";"BR-101/RJ";"Norte";"Choque - Meio Fio";1;0;0;0;0;0;0;0;0;0;0;1;0;0;0
"06/02/2018";"11:38:00";"57";"sem vítima";"324.5";"BR-101/RJ";"Norte";"Colisão - Traseira";2;0;0;0;0;0;0;0;0;0;2;0;0;0;0
"07/02/2018";"04:42:00";"77";"sem vítima";"330";"BR-101/RJ";"Norte";"Colisão - Traseira";1;0;0;0;0;0;0;0;0;0;1;0;0;0;0
"07/02/2018";"05:13:00";"85";"sem vítima";"330";"BR-101/RJ";"Norte";"Colisão - Lateral";1;0;0;0;0;0;0;0;0;1;1;0;0;0;0
"07/02/2018";"08:35:00";"108";"sem vítima";"327.5";"BR-101/RJ";"Norte";"Colisão - Traseira";2;0;0;0;0;0;0;0;0;0;2;0;0;0;0
"08/02/2018";"11:35:00";"40";"sem vítima";"324";"BR-101/RJ";"Norte";"Colisão - Traseira";2;0;0;0;0;0;0;0;0;0;1;0;0;0;0
"08/02/2018";"05:41:00";"119";"sem vítima";"325";"BR-101/RJ";"Norte";"Colisão - Traseira";2;0;0;0;0;0;0;0;0;0;1;0;0;0;0
"09/02/2018";"03:26:00";"16";"sem vítima";"334";"BR-101/RJ";"Sul";"Colisão - Lateral";1;0;1;0;0;0;0;0;0;0;1;0;0;0;0
"09/02/2018";"05:04:00";"20";"sem vítima";"322.4";"BR-101/RJ";"Norte";"Colisão - Lateral";0;0;1;0;0;0;0;0;0;0;1;0;0;0;0
"09/02/2018";"02:26:00";"84";"com vítima";"330";"BR-101/RJ";"Norte";"Colisão - Traseira";2;0;0;0;0;0;0;0;0;0;4;0;1;0;0
"09/02/2018";"04:24:00";"104";"sem vítima";"322.5";"BR-101/RJ";"Norte";"Colisão - Traseira";3;0;0;0;0;0;0;0;0;0;3;0;0;0;0
"09/02/2018";"05:38:00";"118";"com vítima";"326.4";"BR-101/RJ";"Sul";"Colisão - Lateral";1;0;0;1;0;0;0;0;0;0;0;1;0;0;0
"10/02/2018";"03:19:00";"17";"sem vítima";"325";"BR-101/RJ";"Sul";"Colisão - Traseira";1;0;1;0;0;0;0;0;0;0;1;0;0;0;0
"10/02/2018";"06:15:00";"43";"sem vítima";"331";"BR-101/RJ";"Norte";"Colisão - Traseira";2;0;0;0;0;0;0;0;0;0;3;0;0;0;0
"10/02/2018";"07:22:00";"52";"sem vítima";"333.5";"BR-101/RJ";"Norte";"Colisão - Traseira";2;0;0;0;0;0;0;0;0;0;2;0;0;0;0
"10/02/2018";"02:59:00";"141";"com vítima";"323";"BR-101/RJ";"Norte";"Colisão - Traseira";3;0;0;0;0;0;0;0;0;0;5;1;0;0;0
"10/02/2018";"04:52:00";"174";"sem vítima";"334";"BR-101/RJ";"Norte";"Colisão - Traseira";2;0;0;0;0;0;0;0;0;0;2;0;0;0;0
"11/02/2018";"06:30:00";"15";"sem vítima";"327";"BR-101/RJ";"Norte";"Choque Barreira";1;0;0;0;0;0;0;0;0;0;2;0;0;0;0
"11/02/2018";"08:06:00";"24";"sem vítima";"326.5";"BR-101/RJ";"Norte";"Colisão - Traseira";2;0;0;0;0;0;0;0;0;0;2;0;0;0;0
"11/02/2018";"10:53:00";"56";"sem vítima";"333";"BR-101/RJ";"Norte";"Colisão - Traseira";2;0;0;0;0;0;0;0;0;0;2;0;0;0;0
"12/02/2018";"04:49:00";"7";"sem vítima";"333.5";"BR-101/RJ";"Sul";"Colisão - Traseira";2;0;0;0;0;0;0;0;0;0;1;0;0;0;0
"12/02/2018";"10:28:00";"70";"com vítima";"322";"BR-101/RJ";"Sul";"Choque Defensa";0;0;0;1;0;0;0;0;0;0;0;0;1;1;0
"14/02/2018";"10:09:00";"40";"sem vítima";"332";"BR-101/RJ";"Sul";"Colisão - Traseira";2;0;0;0;0;0;0;0;0;0;2;0;0;0;0
"15/02/2018";"09:37:00";"57";"sem vítima";"322.5";"BR-101/RJ";"Sul";"Colisão - Traseira";2;0;0;0;0;0;0;0;0;0;2;0;0;0;0
"15/02/2018";"01:08:00";"96";"sem vítima";"322.3";"BR-101/RJ";"Norte";"Colisão - Traseira";1;0;0;0;0;0;0;0;0;1;2;0;0;0;0
"16/02/2018";"05:12:00";"88";"sem vítima";"324";"BR-101/RJ";"Norte";"Engavetamento";4;0;0;0;0;0;0;0;0;0;3;0;0;0;0
"16/02/2018";"05:26:00";"91";"sem vítima";"323";"BR-101/RJ";"Norte";"Colisão - Traseira";2;0;0;0;0;0;0;0;0;0;1;0;0;0;0
"17/02/2018";"09:46:00";"28";"sem vítima";"321";"BR-101/RJ";"Norte";"Colisão - Lateral";1;0;1;0;0;0;0;0;0;0;1;0;0;0;0
"17/02/2018";"06:47:00";"71";"sem vítima";"333.5";"BR-101/RJ";"Norte";"Colisão - Lateral";0;0;2;0;0;0;0;0;0;0;2;0;0;0;0
"18/02/2018";"11:01:00";"36";"sem vítima";"332";"BR-101/RJ";"Sul";"Colisão - Traseira";3;0;0;0;0;0;0;0;0;0;1;0;0;0;0
"18/02/2018";"11:39:00";"38";"sem vítima";"328.5";"BR-101/RJ";"Sul";"Queda de moto";0;0;0;1;0;0;0;0;0;0;0;0;0;0;0
"18/02/2018";"01:12:00";"47";"sem vítima";"322.3";"BR-101/RJ";"Sul";"Colisão - Lateral";2;0;0;0;0;0;0;0;0;0;1;0;0;0;0
"19/02/2018";"06:04:00";"22";"sem vítima";"322.8";"BR-101/RJ";"Sul";"Colisão - Traseira";2;0;0;0;0;0;0;0;0;0;2;0;0;0;0
"19/02/2018";"07:09:00";"31";"sem vítima";"322.8";"BR-101/RJ";"Sul";"Colisão - Traseira";2;0;0;0;0;0;0;0;0;0;2;0;0;0;0
"19/02/2018";"11:23:00";"58";"sem vítima";"326.5";"BR-101/RJ";"Sul";"Engavetamento";2;0;1;0;0;0;0;0;0;0;3;0;0;0;0
"19/02/2018";"03:05:00";"81";"sem vítima";"324.5";"BR-101/RJ";"Sul";"Colisão - Traseira";0;0;1;0;1;0;0;0;0;1;3;0;0;0;0
"19/02/2018";"06:16:00";"106";"sem vítima";"322.5";"BR-101/RJ";"Norte";"Colisão - Traseira";2;0;0;0;0;0;0;0;0;0;1;0;0;0;0
"22/02/2018";"07:23:00";"98";"com vítima";"321";"BR-101/RJ";"Norte";"Colisão - Traseira";0;0;0;1;1;0;0;0;0;0;0;0;1;0;0
"22/02/2018";"11:46:00";"123";"sem vítima";"326";"BR-101/RJ";"Norte";"Colisão - Traseira";2;0;0;0;0;0;0;0;0;0;2;0;0;0;0
"23/02/2018";"07:59:00";"33";"sem vítima";"321";"BR-101/RJ";"Sul";"Colisão - Lateral";1;0;0;0;1;0;0;0;0;0;1;0;0;0;0
"23/02/2018";"08:26:00";"39";"com vítima";"328.9";"BR-101/RJ";"Sul";"Queda de moto";0;0;0;1;0;0;0;0;0;0;0;1;0;0;0
"23/02/2018";"11:14:00";"53";"sem vítima";"322.5";"BR-101/RJ";"Sul";"Choque Defensa";1;0;0;0;0;0;0;0;0;0;1;0;0;0;0
"23/02/2018";"02:40:00";"69";"sem vítima";"326";"BR-101/RJ";"Sul";"Colisão - Traseira";1;0;0;0;0;0;0;0;0;1;1;0;0;0;0
"23/02/2018";"03:17:00";"74";"sem vítima";"330.5";"BR-101/RJ";"Norte";"Colisão - Lateral";0;0;0;0;0;0;0;0;0;0;1;0;0;0;0
"23/02/2018";"05:01:00";"93";"sem vítima";"321";"BR-101/RJ";"Sul";"Colisão - Lateral";1;0;0;0;1;0;0;0;0;0;2;0;0;0;0
"24/02/2018";"03:58:00";"12";"sem vítima";"334";"BR-101/RJ";"Norte";"Colisão - Lateral";2;0;0;0;0;0;0;0;0;0;4;0;0;0;0
"24/02/2018";"04:22:00";"68";"sem vítima";"334";"BR-101/RJ";"Sul";"Colisão - Traseira";0;0;1;0;0;0;0;0;0;1;2;0;0;0;0
"25/02/2018";"06:19:00";"17";"sem vítima";"332";"BR-101/RJ";"Sul";"Colisão - Lateral";2;0;0;0;0;0;0;0;0;0;2;0;0;0;0
"25/02/2018";"06:45:00";"19";"com vítima";"333";"BR-101/RJ";"Norte";"Choque Defensa";1;0;0;0;0;0;0;0;0;0;1;0;1;0;0
"25/02/2018";"02:59:00";"51";"com vítima";"322";"BR-101/RJ";"Norte";"Colisão - Lateral";2;0;0;0;0;0;0;0;0;0;1;0;2;0;0
"26/02/2018";"08:11:00";"30";"sem vítima";"322";"BR-101/RJ";"Sul";"Colisão - Traseira";2;0;0;0;0;0;0;0;0;0;1;0;0;0;0
"26/02/2018";"10:03:00";"47";"sem vítima";"326";"BR-101/RJ";"Sul";"Colisão - Traseira";2;0;0;0;0;0;0;0;0;0;1;0;0;0;0
"26/02/2018";"06:15:00";"105";"com vítima";"333.8";"BR-101/RJ";"Norte";"Colisão - Traseira";1;0;0;1;0;0;0;0;0;0;1;0;1;0;0
"26/02/2018";"06:58:00";"111";"sem vítima";"324.5";"BR-101/RJ";"Norte";"Colisão - Traseira";3;0;0;0;0;0;0;0;0;0;1;0;0;0;0
"26/02/2018";"07:07:00";"112";"sem vítima";"331.5";"BR-101/RJ";"Norte";"Colisão - Traseira";1;0;0;1;0;0;0;0;0;0;1;0;0;0;0
"26/02/2018";"11:58:00";"132";"com vítima";"331.5";"BR-101/RJ";"Norte";"Colisão - Traseira";2;0;0;0;0;0;0;0;0;0;0;0;1;1;0
"27/02/2018";"07:00:00";"22";"sem vítima";"321";"BR-101/RJ";"Sul";"Colisão - Lateral";1;0;0;1;0;0;0;0;0;0;1;0;0;0;0
"28/02/2018";"07:17:00";"30";"com vítima";"322.8";"BR-101/RJ";"Sul";"Colisão - Lateral";2;0;0;2;0;0;0;0;0;0;0;3;0;0;0
"01/03/2018";"03:21:00";"91";"sem vítima";"322.5";"BR-101/RJ";"Sul";"Colisão - Traseira";2;0;0;0;0;0;0;0;0;0;1;0;0;0;0
"02/03/2018";"09:42:00";"114";"sem vítima";"331.5";"BR-101/RJ";"Norte";"Colisão - Traseira";2;0;0;0;0;0;0;0;0;1;2;0;0;0;0
"02/03/2018";"10:41:00";"124";"sem vítima";"321";"BR-101/RJ";"Norte";"Colisão - Traseira";1;0;1;0;0;0;0;0;0;0;2;0;0;0;0
"03/03/2018";"12:11:00";"42";"sem vítima";"322.3";"BR-101/RJ";"Norte";"Colisão - Traseira";1;0;1;0;0;0;0;0;0;0;1;0;0;0;0
"04/03/2018";"04:01:00";"49";"com vítima";"334";"BR-101/RJ";"Sul";"Colisão - Traseira";1;0;0;0;0;0;0;0;0;1;0;2;0;0;0
"05/03/2018";"11:02:00";"47";"sem vítima";"322.5";"BR-101/RJ";"Norte";"Colisão - Lateral";1;0;1;0;0;0;0;0;0;0;2;0;0;0;0
"05/03/2018";"12:12:00";"59";"sem vítima";"327";"BR-101/RJ";"Norte";"Colisão - Traseira";2;0;0;0;0;0;0;0;0;0;2;0;0;0;0
"06/03/2018";"04:50:00";"9";"com vítima";"331.5";"BR-101/RJ";"Sul";"Capotamento";1;0;0;0;0;0;0;0;0;0;0;0;1;0;0
"06/03/2018";"08:38:00";"32";"sem vítima";"334";"BR-101/RJ";"Sul";"Colisão - Lateral";2;0;0;0;0;0;0;0;0;0;1;0;0;0;0
"06/03/2018";"11:19:00";"56";"sem vítima";"326.1";"BR-101/RJ";"Norte";"Colisão - Lateral";1;0;0;1;0;0;0;0;0;0;2;0;0;0;0
"07/03/2018";"08:27:00";"27";"sem vítima";"325";"BR-101/RJ";"Sul";"Colisão - Traseira";2;0;0;0;0;0;0;0;0;0;1;0;0;0;0
"09/03/2018";"01:20:00";"3";"sem vítima";"322.3";"BR-101/RJ";"Sul";"Colisão - Lateral";0;0;1;0;0;0;0;0;0;0;1;0;0;0;0
"09/03/2018";"06:44:00";"24";"sem vítima";"327.5";"BR-101/RJ";"Norte";"Colisão - Traseira";2;0;0;0;0;0;0;0;0;0;2;0;0;0;0
"09/03/2018";"08:21:00";"40";"sem vítima";"322";"BR-101/RJ";"Sul";"Engavetamento";3;0;0;0;0;0;0;0;0;0;3;0;0;0;0
"10/03/2018";"05:28:00";"14";"sem vítima";"321";"BR-101/RJ";"Norte";"Choque Defensa";1;0;0;0;0;0;0;0;0;0;1;0;0;0;0
"10/03/2018";"05:37:00";"15";"com vítima";"325.5";"BR-101/RJ";"Norte";"Capotamento";2;0;0;0;0;0;0;0;0;0;0;3;2;0;0
"10/03/2018";"09:12:00";"34";"sem vítima";"322.8";"BR-101/RJ";"Norte";"Colisão - Traseira";2;0;0;0;0;0;0;0;0;0;1;0;0;0;0
"10/03/2018";"12:03:00";"58";"sem vítima";"334";"BR-101/RJ";"Norte";"Queda de moto";0;0;0;1;0;0;0;0;0;0;1;0;0;0;0
"10/03/2018";"07:18:00";"101";"sem vítima";"322.4";"BR-101/RJ";"Norte";"Colisão - Traseira";3;0;0;0;0;0;0;0;0;0;3;0;0;0;0
"11/03/2018";"05:41:00";"68";"com vítima";"322.8";"BR-101/RJ";"Norte";"Colisão - Traseira";3;0;0;0;0;0;0;0;0;0;0;1;0;0;0
"11/03/2018";"05:54:00";"72";"sem vítima";"324";"BR-101/RJ";"Norte";"Engavetamento";3;0;0;0;0;0;0;0;0;0;1;0;0;0;0
"12/03/2018";"04:36:00";"93";"sem vítima";"325";"BR-101/RJ";"Norte";"Colisão - Traseira";3;0;0;0;0;0;0;0;0;0;1;0;0;0;0
"12/03/2018";"06:28:00";"105";"sem vítima";"322";"BR-101/RJ";"Norte";"Colisão - Transversal";1;0;0;0;1;0;0;0;0;0;2;0;0;0;0
"13/03/2018";"09:03:00";"35";"sem vítima";"331.2";"BR-101/RJ";"Sul";"Colisão - Traseira";2;0;0;0;0;0;0;0;0;0;2;0;0;0;0
"14/03/2018";"08:54:00";"35";"com vítima";"334";"BR-101/RJ";"Sul";"Colisão - Traseira";2;0;0;1;0;0;0;0;0;0;0;1;1;0;0
"14/03/2018";"09:14:00";"41";"sem vítima";"333.4";"BR-101/RJ";"Sul";"Colisão - Traseira";2;0;0;0;0;0;0;0;0;0;2;0;0;0;0
"14/03/2018";"01:49:00";"73";"sem vítima";"322.8";"BR-101/RJ";"Norte";"Colisão - Lateral";1;0;0;0;0;0;0;0;0;1;2;0;0;0;0
"15/03/2018";"07:12:00";"22";"sem vítima";"322.3";"BR-101/RJ";"Sul";"Colisão - Lateral";1;0;1;0;0;0;0;0;0;0;2;0;0;0;0
"15/03/2018";"11:34:00";"55";"sem vítima";"324.5";"BR-101/RJ";"Sul";"Colisão - Lateral";0;0;0;0;2;0;0;0;0;0;1;0;0;0;0
"15/03/2018";"05:00:00";"95";"sem vítima";"333.7";"BR-101/RJ";"Norte";"Colisão - Lateral";1;0;1;0;0;0;0;0;0;0;2;0;0;0;0
"16/03/2018";"04:10:00";"91";"com vítima";"322.3";"BR-101/RJ";"Norte";"Colisão - Lateral";1;0;1;0;0;0;0;0;0;0;0;1;0;0;0
"18/03/2018";"02:40:00";"45";"com vítima";"324.8";"BR-101/RJ";"Norte";"Queda de moto";0;0;0;1;0;0;0;0;0;0;0;1;0;0;0
"19/03/2018";"12:07:00";"1";"sem vítima";"327.6";"BR-101/RJ";"Norte";"Colisão - Traseira";2;0;0;0;0;0;0;0;0;0;2;0;0;0;0
"19/03/2018";"01:31:00";"6";"sem vítima";"331.5";"BR-101/RJ";"Sul";"Capotamento";0;0;0;0;0;0;0;0;0;1;1;0;0;0;0
"19/03/2018";"06:41:00";"19";"sem vítima";"326";"BR-101/RJ";"Sul";"Colisão - Traseira";2;0;0;0;0;0;0;0;0;0;2;0;0;0;0
"19/03/2018";"12:22:00";"65";"sem vítima";"322.5";"BR-101/RJ";"Sul";"Colisão - Lateral";1;0;0;0;1;0;0;0;0;0;2;0;0;0;0
"20/03/2018";"07:20:00";"26";"com vítima";"328.9";"BR-101/RJ";"Norte";"Queda de moto";0;0;0;1;0;0;0;0;0;0;0;1;0;0;0
"20/03/2018";"08:34:00";"37";"sem vítima";"327.5";"BR-101/RJ";"Norte";"Colisão - Lateral";1;0;0;0;1;0;0;0;0;0;2;0;0;0;0
"20/03/2018";"09:21:00";"46";"com vítima";"321";"BR-101/RJ";"Norte";"Engavetamento";3;0;0;0;0;0;0;0;0;0;0;2;0;0;0
"21/03/2018";"10:03:00";"33";"sem vítima";"322.8";"BR-101/RJ";"Sul";"Colisão - Lateral";0;0;0;0;0;0;0;0;0;1;1;0;0;0;0
"22/03/2018";"11:30:00";"129";"com vítima";"329.5";"BR-101/RJ";"Norte";"Colisão - Traseira";1;0;0;1;0;0;0;0;0;0;1;0;1;0;0
"23/03/2018";"12:24:00";"3";"sem vítima";"322.3";"BR-101/RJ";"Norte";"Choque Barreira";0;0;1;0;0;0;0;0;0;0;1;0;0;0;0
"23/03/2018";"02:48:00";"86";"sem vítima";"322.5";"BR-101/RJ";"Norte";"Engavetamento";3;0;0;0;0;0;0;0;0;0;3;0;0;0;0
"24/03/2018";"08:12:00";"25";"sem vítima";"329";"BR-101/RJ";"Sul";"Colisão - Lateral";2;0;0;0;0;0;0;0;0;0;2;0;0;0;0
"24/03/2018";"05:19:00";"87";"sem vítima";"326.7";"BR-101/RJ";"Sul";"Engavetamento";2;0;0;0;0;0;0;0;0;1;3;0;0;0;0
"26/03/2018";"06:37:00";"16";"sem vítima";"326.4";"BR-101/RJ";"Norte";"Colisão - Traseira";0;0;1;0;1;0;0;0;0;0;1;0;0;0;0
"26/03/2018";"06:54:00";"18";"com vítima";"325";"BR-101/RJ";"Sul";"Colisão - Traseira";1;0;0;1;0;0;0;0;0;0;0;1;0;0;0
"27/03/2018";"09:45:00";"43";"sem vítima";"327";"BR-101/RJ";"Sul";"Colisão - Traseira";1;0;0;0;0;0;0;0;0;0;1;0;0;0;0