data;horario;n_da_ocorrencia;tipo_de_ocorrencia;km;trecho;sentido;tipo_de_acidente;automovel;bicicleta;caminhao;moto;onibus;outros;tracao_animal;transporte_de_cargas_especiais;trator_maquinas;utilitarios;ilesos;levemente_feridos;moderadamente_feridos;gravemente_feridos;mortos
"27/03/2018";"11:57:00";"58";"com vítima";"328";"BR-101/RJ";"Norte";"Choque - Pilar";1;0;0;0;0;0;0;0;0;0;0;1;0;0;0
"27/03/2018";"04:47:00";"87";"com vítima";"324";"BR-101/RJ";"Norte";"Colisão - Traseira";2;0;0;0;0;0;0;0;0;0;0;1;0;0;0
"28/03/2018";"04:21:00";"84";"com vítima";"322";"BR-101/RJ";"Norte";"Colisão - Lateral";1;0;0;1;0;0;0;0;0;0;1;1;0;0;0
"29/03/2018";"08:57:00";"38";"com vítima";"324.5";"BR-101/RJ";"Sul";"Choque - Poste";1;0;0;0;0;0;0;0;0;0;0;2;0;0;0
"29/03/2018";"05:40:00";"105";"sem vítima";"329.7";"BR-101/RJ";"Norte";"Colisão - Traseira";1;0;0;1;0;0;0;0;0;0;1;0;0;0;0
"29/03/2018";"07:41:00";"121";"sem vítima";"333.5";"BR-101/RJ";"Norte";"Colisão - Lateral";1;0;1;0;0;0;0;0;0;0;1;0;0;0;0
"29/03/2018";"10:31:00";"136";"sem vítima";"334";"BR-101/RJ";"Norte";"Colisão - Lateral";1;0;2;0;0;0;0;0;0;0;2;0;0;0;0
"30/03/2018";"07:14:00";"27";"sem vítima";"321";"BR-101/RJ";"Norte";"Choque - Poste";1;0;0;0;0;0;0;0;0;0;1;0;0;0;0
"30/03/2018";"08:52:00";"43";"sem vítima";"323";"BR-101/RJ";"Norte";"Colisão - Traseira";1;0;0;1;0;0;0;0;0;0;1;0;0;0;0
"30/03/2018";"09:18:00";"47";"sem vítima";"324.5";"BR-101/RJ";"Norte";"Colisão - Traseira";2;0;0;0;0;0;0;0;0;1;1;0;0;0;0
"31/03/2018";"07:47:00";"13";"com vítima";"322.8";"BR-101/RJ";"Sul";"Colisão - Lateral";3;0;0;0;0;0;0;0;0;0;0;1;0;0;0
"02/04/2018";"10:46:00";"54";"com vítima";"331.2";"BR-101/RJ";"Norte";"Colisão - Traseira";0;0;0;1;0;0;0;0;0;0;0;0;2;0;0
"02/04/2018";"02:49:00";"96";"sem vítima";"331.5";"BR-101/RJ";"Norte";"Colisão - Traseira";0;0;0;0;1;0;0;0;0;0;1;0;0;0;0
"02/04/2018";"07:13:00";"140";"sem vítima";"321";"BR-101/RJ";"Norte";"Colisão - Traseira";1;0;0;0;1;0;0;0;0;0;1;0;0;0;0
"02/04/2018";"08:11:00";"143";"sem vítima";"324.5";"BR-101/RJ";"Norte";"Colisão - Lateral";2;0;0;0;0;0;0;0;0;0;1;0;0;0;0
"03/04/2018";"07:32:00";"23";"com vítima";"329.5";"BR-101/RJ";"Norte";"Colisão - Traseira";1;0;0;1;0;0;0;0;0;0;0;1;0;0;0
"05/04/2018";"12:09:00";"61";"com vítima";"328";"BR-101/RJ";"Sul";"Colisão - Traseira";1;0;0;1;0;0;0;0;0;0;0;1;0;0;0
"05/04/2018";"06:49:00";"96";"sem vítima";"330";"BR-101/RJ";"Sul";"Colisão - Traseira";0;0;0;1;1;0;0;0;0;0;2;0;0;0;0
"05/04/2018";"07:36:00";"99";"com vítima";"331.5";"BR-101/RJ";"Norte";"Colisão - Lateral";0;0;0;1;0;1;0;0;0;0;1;1;0;0;0
"06/04/2018";"08:11:00";"32";"sem vítima";"325";"BR-101/RJ";"Sul";"Colisão - Traseira";2;0;0;0;0;0;0;0;0;0;2;0;0;0;0
"06/04/2018";"09:44:00";"43";"com vítima";"322";"BR-101/RJ";"Norte";"Colisão - Traseira";1;0;0;1;0;0;0;0;0;0;1;0;1;0;0
"06/04/2018";"11:55:00";"51";"sem vítima";"322.3";"BR-101/RJ";"Sul";"Colisão - Traseira";2;0;0;0;0;0;0;0;0;0;2;0;0;0;0
"06/04/2018";"06:45:00";"91";"sem vítima";"322.8";"BR-101/RJ";"Norte";"Colisão - Lateral";1;0;0;1;0;0;0;0;0;0;1;0;0;0;0
"07/04/2018";"04:25:00";"72";"sem vítima";"326.5";"BR-101/RJ";"Sul";"Colisão - Traseira";1;0;0;1;0;0;0;0;0;0;2;0;0;0;0
"07/04/2018";"04:55:00";"79";"sem vítima";"326.1";"BR-101/RJ";"Sul";"Colisão - Traseira";2;0;0;0;0;0;0;0;0;0;2;0;0;0;0
"08/04/2018";"09:54:00";"33";"com vítima";"330";"BR-101/RJ";"Sul";"Choque - Meio Fio";1;0;0;0;0;0;0;0;0;0;0;1;0;0;0
"08/04/2018";"08:49:00";"76";"sem vítima";"323.5";"BR-101/RJ";"Norte";"Colisão - Traseira";2;0;0;0;0;0;0;0;0;0;2;0;0;0;0
"09/04/2018";"08:35:00";"22";"sem vítima";"325";"BR-101/RJ";"Sul";"Colisão - Traseira";0;0;0;0;0;0;0;0;0;0;1;0;0;0;0
"09/04/2018";"08:48:00";"25";"sem vítima";"334";"BR-101/RJ";"Sul";"Colisão - Traseira";2;0;0;0;0;0;0;0;0;0;1;0;0;0;0
"09/04/2018";"09:25:00";"35";"sem vítima";"327";"BR-101/RJ";"Sul";"Colisão - Traseira";2;0;0;0;0;0;0;0;0;0;1;0;0;0;0
"09/04/2018";"10:02:00";"40";"sem vítima";"322.8";"BR-101/RJ";"Sul";"Colisão - Lateral";1;0;0;0;0;0;0;0;0;0;1;0;0;0;0
"09/04/2018";"10:04:00";"41";"sem vítima";"334";"BR-101/RJ";"Sul";"Colisão - Traseira";0;0;0;0;1;0;0;0;0;1;1;0;0;0;0
"09/04/2018";"10:58:00";"51";"sem vítima";"322.8";"BR-101/RJ";"Sul";"Colisão - Traseira";1;0;0;0;0;0;0;0;0;1;1;0;0;0;0
"11/04/2018";"04:03:00";"12";"com vítima";"333.9";"BR-101/RJ";"Norte";"Choque - Meio Fio";1;0;0;0;0;0;0;0;0;0;0;1;0;0;0
"11/04/2018";"11:18:00";"62";"sem vítima";"322";"BR-101/RJ";"Norte";"Colisão - Transversal";1;0;1;0;0;0;0;0;0;0;2;0;0;0;0
"11/04/2018";"05:38:00";"95";"sem vítima";"324";"BR-101/RJ";"Norte";"Engavetamento";3;0;0;0;0;0;0;0;0;0;1;0;0;0;0
"11/04/2018";"08:53:00";"109";"sem vítima";"322.3";"BR-101/RJ";"Sul";"Choque - Sinalização";0;0;0;0;0;0;0;0;0;0;1;0;0;0;0
"12/04/2018";"07:01:00";"13";"com vítima";"326.5";"BR-101/RJ";"Norte";"Colisão - Traseira";0;0;1;1;0;0;0;0;0;0;1;1;0;0;0
"13/04/2018";"08:01:00";"19";"sem vítima";"328";"BR-101/RJ";"Sul";"Engavetamento";4;0;1;0;0;0;0;0;0;0;1;0;0;0;0
"13/04/2018";"08:20:00";"25";"sem vítima";"325";"BR-101/RJ";"Sul";"Colisão - Traseira";1;0;0;0;0;0;0;0;0;0;1;0;0;0;0
"15/04/2018";"06:32:00";"15";"sem vítima";"333";"BR-101/RJ";"Norte";"Colisão - Lateral";1;0;0;0;0;0;0;0;0;1;1;0;0;0;0
"16/04/2018";"04:34:00";"5";"com vítima";"321";"BR-101/RJ";"Sul";"Queda de moto";0;0;0;1;0;0;0;0;0;0;0;1;0;0;0
"16/04/2018";"10:29:00";"47";"com vítima";"331.1";"BR-101/RJ";"Norte";"Colisão - Traseira";1;0;1;1;0;0;0;0;0;0;0;0;1;0;0
"16/04/2018";"03:17:00";"65";"com vítima";"332.5";"BR-101/RJ";"Norte";"Colisão - Traseira";1;0;0;0;1;0;0;0;0;0;0;1;0;0;0
"16/04/2018";"05:34:00";"81";"sem vítima";"332.5";"BR-101/RJ";"Norte";"Colisão - Traseira";1;0;1;1;0;0;0;0;0;0;1;0;0;0;0
"18/04/2018";"08:43:00";"21";"com vítima";"322.8";"BR-101/RJ";"Sul";"Colisão - Lateral";1;0;0;1;0;0;0;0;0;0;0;1;0;0;0
"18/04/2018";"11:15:00";"40";"sem vítima";"322";"BR-101/RJ";"Norte";"Colisão - Traseira";0;0;1;0;0;0;0;0;0;1;1;0;0;0;0
"19/04/2018";"06:49:00";"27";"sem vítima";"326.6";"BR-101/RJ";"Sul";"Queda de moto";1;0;0;1;0;0;0;0;0;0;2;0;0;0;0
"20/04/2018";"07:54:00";"17";"sem vítima";"322";"BR-101/RJ";"Sul";"Colisão - Traseira";2;0;0;0;0;0;0;0;0;0;2;0;0;0;0
"20/04/2018";"08:17:00";"21";"sem vítima";"334";"BR-101/RJ";"Sul";"Engavetamento";3;0;0;0;0;0;0;0;0;0;3;0;0;0;0
"21/04/2018";"07:42:00";"37";"sem vítima";"325";"BR-101/RJ";"Norte";"Colisão - Traseira";2;0;0;0;0;0;0;0;0;0;2;0;0;0;0
"21/04/2018";"08:02:00";"39";"sem vítima";"327";"BR-101/RJ";"Norte";"Colisão - Traseira";2;0;0;0;0;0;0;0;0;0;2;0;0;0;0
"22/04/2018";"05:43:00";"15";"com vítima";"328.8";"BR-101/RJ";"Sul";"Choque Defensa";0;0;0;1;0;0;0;0;0;0;0;0;0;1;0
"22/04/2018";"10:52:00";"32";"sem vítima";"322.8";"BR-101/RJ";"Norte";"Engavetamento";3;0;0;0;0;0;0;0;0;0;3;0;0;0;0
"22/04/2018";"03:45:00";"53";"com vítima";"325.9";"BR-101/RJ";"Norte";"Queda de moto";0;0;0;1;0;0;0;0;0;0;0;0;2;0;0
"24/04/2018";"07:24:00";"21";"sem vítima";"325";"BR-101/RJ";"Sul";"Colisão - Traseira";1;0;0;1;0;0;0;0;0;0;1;0;0;0;0
"25/04/2018";"05:45:00";"83";"sem vítima";"321";"BR-101/RJ";"Norte";"Colisão - Traseira";2;0;0;0;0;0;0;0;0;0;2;0;0;0;0
"27/04/2018";"05:20:00";"6";"sem vítima";"331.5";"BR-101/RJ";"Sul";"Colisão - Traseira";1;0;0;0;0;0;0;0;0;0;1;0;0;0;0
"27/04/2018";"11:22:00";"31";"sem vítima";"333.5";"BR-101/RJ";"Sul";"Colisão - Lateral";2;0;0;0;0;0;0;0;0;0;1;0;0;0;0
"27/04/2018";"02:55:00";"52";"sem vítima";"322.5";"BR-101/RJ";"Norte";"Colisão - Traseira";2;0;0;0;0;0;0;0;0;0;1;0;0;0;0
"28/04/2018";"09:21:00";"34";"sem vítima";"322.8";"BR-101/RJ";"Norte";"Colisão - Traseira";1;0;0;0;0;0;0;0;0;0;1;0;0;0;0
"28/04/2018";"01:12:00";"56";"sem vítima";"323";"BR-101/RJ";"Norte";"Colisão - Traseira";0;0;0;0;0;0;0;0;0;0;1;0;0;0;0
"01/05/2018";"07:23:00";"60";"com vítima";"334";"BR-101/RJ";"Sul";"Colisão - Lateral";1;0;0;1;0;0;0;0;0;0;3;1;0;1;0
"01/05/2018";"10:08:00";"72";"sem vítima";"333.5";"BR-101/RJ";"Norte";"Colisão - Lateral";1;0;1;0;0;0;0;0;0;0;2;0;0;0;0
"02/05/2018";"04:47:00";"65";"com vítima";"325";"BR-101/RJ";"Norte";"Queda de moto";0;0;0;1;0;0;0;0;0;0;0;1;0;0;0
"03/05/2018";"07:33:00";"23";"sem vítima";"321";"BR-101/RJ";"Sul";"Colisão - Traseira";2;0;0;0;0;0;0;0;0;0;0;0;0;0;0
"03/05/2018";"08:52:00";"32";"sem vítima";"322";"BR-101/RJ";"Sul";"Colisão - Traseira";2;0;0;0;0;0;0;0;0;0;1;0;0;0;0
"03/05/2018";"04:59:00";"97";"sem vítima";"331.5";"BR-101/RJ";"Norte";"Colisão - Traseira";1;0;0;1;0;0;0;0;0;0;1;0;0;0;0
"03/05/2018";"08:32:00";"108";"com vítima";"321";"BR-101/RJ";"Norte";"Atropelamento";0;0;0;1;0;0;0;0;0;0;0;1;0;0;0
"03/05/2018";"08:59:00";"110";"sem vítima";"325";"BR-101/RJ";"Sul";"Colisão - Traseira";0;0;1;0;0;0;0;0;0;2;1;0;0;0;0
"04/05/2018";"11:27:00";"48";"com vítima";"321";"BR-101/RJ";"Sul";"Atropelamento";0;0;1;0;0;0;0;0;0;0;1;1;0;0;0
"04/05/2018";"01:07:00";"58";"com vítima";"328.5";"BR-101/RJ";"Sul";"Colisão - Traseira";3;0;0;0;0;0;0;0;0;0;2;1;0;0;0
"04/05/2018";"01:55:00";"64";"sem vítima";"329";"BR-101/RJ";"Norte";"Colisão - Traseira";2;0;0;0;0;0;0;0;0;0;2;0;0;0;0
"04/05/2018";"04:47:00";"89";"com vítima";"334";"BR-101/RJ";"Sul";"Colisão - Traseira";2;0;0;0;0;0;0;0;0;0;1;1;0;0;0
"06/05/2018";"05:52:00";"56";"sem vítima";"322.8";"BR-101/RJ";"Norte";"Colisão - Lateral";2;0;0;0;0;0;0;0;0;0;2;0;0;0;0
"06/05/2018";"07:01:00";"68";"sem vítima";"330.5";"BR-101/RJ";"Norte";"Colisão - Traseira";1;0;0;0;0;0;0;0;0;1;1;0;0;0;0
"08/05/2018";"01:18:00";"6";"com vítima";"327.9";"BR-101/RJ";"Norte";"Colisão - Traseira";2;0;0;0;0;0;0;0;0;0;1;0;1;0;0
"08/05/2018";"07:28:00";"18";"com vítima";"334";"BR-101/RJ";"Norte";"Colisão - Traseira";0;0;1;1;0;0;0;0;0;0;0;0;1;0;0
"09/05/2018";"10:43:00";"56";"com vítima";"326";"BR-101/RJ";"Sul";"Colisão - Traseira";0;0;0;1;0;0;0;0;0;1;0;0;1;0;0
"09/05/2018";"11:15:00";"62";"sem vítima";"322.8";"BR-101/RJ";"Sul";"Colisão - Traseira";2;0;0;0;0;0;0;0;0;0;2;0;0;0;0
"10/05/2018";"06:07:00";"18";"sem vítima";"332";"BR-101/RJ";"Sul";"Colisão - Traseira";2;0;0;0;0;0;0;0;0;0;1;0;0;0;0
"10/05/2018";"06:51:00";"27";"sem vítima";"324.5";"BR-101/RJ";"Sul";"Colisão - Traseira";2;0;0;0;0;0;0;0;0;0;1;0;0;0;0
"10/05/2018";"11:39:00";"61";"sem vítima";"333";"BR-101/RJ";"Sul";"Engavetamento";4;0;0;0;0;0;0;0;0;0;1;0;0;0;0
"10/05/2018";"05:19:00";"91";"sem vítima";"334";"BR-101/RJ";"Sul";"Colisão - Traseira";2;0;0;0;0;0;0;0;0;0;1;0;0;0;0
"10/05/2018";"05:59:00";"94";"sem vítima";"322.3";"BR-101/RJ";"Norte";"Colisão - Traseira";2;0;0;0;0;0;0;0;0;0;1;0;0;0;0
"11/05/2018";"06:49:00";"10";"com vítima";"322.8";"BR-101/RJ";"Sul";"Colisão - Traseira";1;0;0;1;0;0;0;0;0;0;0;1;0;0;0
"11/05/2018";"07:51:00";"12";"sem vítima";"322.8";"BR-101/RJ";"Sul";"Colisão - Traseira";1;0;0;0;1;0;0;0;0;0;1;0;0;0;0
"11/05/2018";"10:15:00";"37";"sem vítima";"330";"BR-101/RJ";"Sul";"Colisão - Lateral";2;0;0;0;0;0;0;0;0;0;2;0;0;0;0
"11/05/2018";"11:17:00";"43";"com vítima";"321";"BR-101/RJ";"Sul";"Atropelamento";2;0;0;0;0;0;0;0;0;0;1;2;1;0;1
"11/05/2018";"12:28:00";"46";"com vítima";"331";"BR-101/RJ";"Norte";"Queda de moto";0;0;0;1;0;0;0;0;0;0;1;1;0;0;0
"11/05/2018";"01:27:00";"55";"sem vítima";"322.5";"BR-101/RJ";"Norte";"Colisão - Lateral";0;0;2;0;0;0;0;0;0;0;2;0;0;0;0
"13/05/2018";"12:51:00";"41";"sem vítima";"328";"BR-101/RJ";"Sul";"Colisão - Traseira";2;0;0;0;0;0;0;0;0;0;1;0;0;0;0
"13/05/2018";"12:54:00";"43";"sem vítima";"324";"BR-101/RJ";"Norte";"Colisão - Traseira";2;0;0;0;0;0;0;0;0;0;1;0;0;0;0
"14/05/2018";"12:35:00";"44";"com vítima";"327";"BR-101/RJ";"Norte";"Colisão - Traseira";1;0;0;1;0;0;0;0;0;0;0;0;1;0;0
"16/05/2018";"01:29:00";"47";"com vítima";"322.3";"BR-101/RJ";"Sul";"Colisão - Lateral";1;0;0;0;0;0;0;0;0;1;0;1;0;0;0
"16/05/2018";"06:52:00";"73";"sem vítima";"326.5";"BR-101/RJ";"Norte";"Colisão - Traseira";2;0;0;0;0;0;0;0;0;0;2;0;0;0;0
"16/05/2018";"07:38:00";"78";"sem vítima";"324.5";"BR-101/RJ";"Norte";"Queda de moto";0;0;0;1;0;0;0;0;0;0;1;0;0;0;0
"17/05/2018";"06:50:00";"13";"sem vítima";"321";"BR-101/RJ";"Norte";"Colisão - Traseira";1;0;0;0;1;0;0;0;0;0;1;0;0;0;0
"17/05/2018";"08:31:00";"28";"com vítima";"322.8";"BR-101/RJ";"Norte";"Choque Defensa";1;0;0;0;0;0;0;0;0;0;0;1;0;0;0
"18/05/2018";"04:19:00";"73";"sem vítima";"322.5";"BR-101/RJ";"Norte";"Colisão - Traseira";2;0;0;0;0;0;0;0;0;0;1;0;0;0;0
"18/05/2018";"07:49:00";"107";"sem vítima";"331.5";"BR-101/RJ";"Norte";"Colisão - Traseira";2;0;0;0;0;0;0;0;0;0;2;0;0;0;0
"18/05/2018";"08:00:00";"113";"sem vítima";"327.5";"BR-101/RJ";"Norte";"Engavetamento";3;0;0;0;0;0;0;0;0;0;3;0;0;0;0
"18/05/2018";"08:35:00";"119";"sem vítima";"326";"BR-101/RJ";"Norte";"Colisão - Traseira";2;0;0;0;0;0;0;0;0;0;2;0;0;0;0
"19/05/2018";"12:18:00";"1";"sem vítima";"323.1";"BR-101/RJ";"Sul";"Colisão - Traseira";2;0;0;0;0;0;0;0;0;0;1;0;0;0;0
"19/05/2018";"04:53:00";"8";"sem vítima";"326.2";"BR-101/RJ";"Sul";"Capotamento";1;0;0;0;0;0;0;0;0;0;1;0;0;0;0
"19/05/2018";"01:44:00";"49";"sem vítima";"323.5";"BR-101/RJ";"Sul";"Colisão - Traseira";1;0;0;0;0;0;0;0;0;1;2;0;0;0;0
"19/05/2018";"06:38:00";"85";"sem vítima";"328.9";"BR-101/RJ";"Sul";"Colisão - Traseira";2;0;0;0;0;0;0;0;0;0;1;0;0;0;0
"20/05/2018";"01:59:00";"10";"sem vítima";"328.2";"BR-101/RJ";"Norte";"Colisão - Traseira";2;0;0;0;0;0;0;0;0;0;2;0;0;0;0
"20/05/2018";"06:05:00";"17";"sem vítima";"322.8";"BR-101/RJ";"Sul";"Choque Defensa";1;0;0;0;0;0;0;0;0;0;1;0;0;0;0
"20/05/2018";"07:50:00";"28";"sem vítima";"322.8";"BR-101/RJ";"Sul";"Colisão - Traseira";2;0;0;0;0;0;0;0;0;0;2;0;0;0;0
"22/05/2018";"09:31:00";"51";"com vítima";"321";"BR-101/RJ";"Sul";"Colisão - Lateral";1;0;0;1;0;0;0;0;0;0;0;1;0;0;0
"28/05/2018";"05:45:00";"44";"com vítima";"331.5";"BR-101/RJ";"Sul";"Colisão - Traseira";2;0;0;0;0;0;0;0;0;0;0;2;0;0;0
"30/05/2018";"06:30:00";"12";"sem vítima";"321";"BR-101/RJ";"Sul";"Colisão - Traseira";2;0;0;0;0;0;0;0;0;0;1;0;0;0;0
"30/05/2018";"07:47:00";"16";"com vítima";"322";"BR-101/RJ";"Sul";"Colisão - Traseira";0;0;0;1;0;0;0;0;0;1;0;1;0;0;0
"31/05/2018";"05:10:00";"53";"com vítima";"327";"BR-101/RJ";"Sul";"Queda de moto";0;0;0;1;0;0;0;0;0;0;0;1;1;0;0
"01/06/2018";"09:42:00";"23";"com vítima";"327.5";"BR-101/RJ";"Sul";"Colisão - Traseira";1;0;0;0;0;0;0;0;0;1;0;1;2;0;0
"01/06/2018";"10:55:00";"29";"com vítima";"321";"BR-101/RJ";"Norte";"Choque Defensa";0;0;0;0;0;0;0;0;0;1;0;1;0;0;0
"01/06/2018";"04:33:00";"57";"com vítima";"334";"BR-101/RJ";"Sul";"Colisão - Traseira";1;0;0;1;0;0;0;0;0;0;0;0;1;0;0
"03/06/2018";"12:52:00";"3";"sem vítima";"321";"BR-101/RJ";"Norte";"Choque Talude";1;0;0;0;0;0;0;0;0;0;1;0;0;0;0
"03/06/2018";"03:28:00";"37";"sem vítima";"322.3";"BR-101/RJ";"Norte";"Colisão - Traseira";1;0;0;0;0;0;0;0;0;0;1;0;0;0;0
"03/06/2018";"04:36:00";"39";"sem vítima";"322.8";"BR-101/RJ";"Norte";"Colisão - Traseira";2;0;0;0;0;0;0;0;0;0;2;0;0;0;0
"03/06/2018";"07:04:00";"47";"sem vítima";"322.5";"BR-101/RJ";"Norte";"Engavetamento";4;0;0;0;0;0;0;0;0;0;1;0;0;0;0
"04/06/2018";"06:33:00";"6";"sem vítima";"324.5";"BR-101/RJ";"Sul";"Colisão - Lateral";1;0;0;0;1;0;0;0;0;0;1;0;0;0;0
"05/06/2018";"12:49:00";"49";"com vítima";"329.8";"BR-101/RJ";"Norte";"Queda de moto";0;0;0;1;0;0;0;0;0;0;0;1;0;0;0
"05/06/2018";"10:19:00";"86";"com vítima";"334";"BR-101/RJ";"Norte";"Colisão - Traseira";1;0;0;0;0;0;0;0;0;0;0;1;0;0;0
"06/06/2018";"09:54:00";"34";"sem vítima";"334";"BR-101/RJ";"Sul";"Colisão - Traseira";3;0;0;0;0;0;0;0;0;0;1;0;0;0;0
"06/06/2018";"06:59:00";"81";"sem vítima";"333.5";"BR-101/RJ";"Norte";"Colisão - Traseira";3;0;0;0;0;0;0;0;0;0;3;0;0;0;0
"07/06/2018";"07:58:00";"27";"sem vítima";"322.3";"BR-101/RJ";"Sul";"Colisão - Traseira";2;0;0;0;0;0;0;0;0;0;1;0;0;0;0
"07/06/2018";"09:42:00";"40";"com vítima";"326.5";"BR-101/RJ";"Sul";"Engavetamento";3;0;0;0;0;0;0;0;0;0;0;1;0;0;0
"08/06/2018";"07:28:00";"9";"sem vítima";"325";"BR-101/RJ";"Norte";"Colisão - Traseira";1;0;1;0;0;0;0;0;0;0;1;0;0;0;0
"08/06/2018";"03:36:00";"50";"sem vítima";"323";"BR-101/RJ";"Norte";"Colisão - Traseira";2;0;0;0;0;0;0;0;0;0;1;0;0;0;0
"08/06/2018";"05:13:00";"68";"sem vítima";"333.8";"BR-101/RJ";"Norte";"Colisão - Lateral";1;0;0;0;1;0;0;0;0;0;1;0;0;0;0
"09/06/2018";"05:23:00";"79";"sem vítima";"323";"BR-101/RJ";"Norte";"Engavetamento";3;0;0;0;0;0;0;0;0;0;1;0;0;0;0
"10/06/2018";"09:32:00";"23";"sem vítima";"326.6";"BR-101/RJ";"Norte";"Colisão - Traseira";2;0;0;0;0;0;0;0;0;0;1;0;0;0;0
"10/06/2018";"12:12:00";"27";"sem vítima";"330";"BR-101/RJ";"Norte";"Colisão - Traseira";2;0;0;0;0;0;0;0;0;0;1;0;0;0;0
"10/06/2018";"07:31:00";"63";"sem vítima";"332.5";"BR-101/RJ";"Norte";"Colisão - Traseira";2;0;0;0;0;0;0;0;0;0;2;0;0;0;0
"12/06/2018";"08:18:00";"29";"com vítima";"332.8";"BR-101/RJ";"Sul";"Colisão - Traseira";1;0;0;1;0;0;0;0;0;0;0;0;1;0;0
"13/06/2018";"07:31:00";"21";"sem vítima";"322.8";"BR-101/RJ";"Sul";"Colisão - Traseira";1;0;0;0;0;0;0;0;0;0;1;0;0;0;0
"13/06/2018";"04:51:00";"81";"sem vítima";"334";"BR-101/RJ";"Norte";"Colisão - Lateral";1;0;0;0;1;0;0;0;0;0;1;0;0;0;0
"14/06/2018";"07:52:00";"124";"sem vítima";"324.2";"BR-101/RJ";"Norte";"Colisão - Traseira";2;0;0;0;0;0;0;0;0;0;1;0;0;0;0
"15/06/2018";"11:15:00";"33";"sem vítima";"333.5";"BR-101/RJ";"Norte";"Colisão - Traseira";0;0;1;0;0;0;0;0;0;1;2;0;0;0;0
"15/06/2018";"05:27:00";"76";"sem vítima";"332.5";"BR-101/RJ";"Sul";"Colisão - Traseira";2;0;0;0;0;0;0;0;0;0;1;0;0;0;0
"16/06/2018";"02:45:00";"6";"sem vítima";"328.5";"BR-101/RJ";"Norte";"Colisão - Traseira";2;0;0;0;0;0;0;0;0;0;1;0;0;0;0
"16/06/2018";"01:52:00";"36";"sem vítima";"333";"BR-101/RJ";"Sul";"Choque Defensa";1;0;0;0;0;0;0;0;0;0;1;0;0;0;0
"16/06/2018";"05:26:00";"54";"sem vítima";"321";"BR-101/RJ";"Norte";"Colisão - Traseira";2;0;0;1;0;0;0;0;0;0;2;0;0;0;0
"17/06/2018";"10:33:00";"25";"com vítima";"329";"BR-101/RJ";"Norte";"Capotamento";1;0;0;0;0;0;0;0;0;0;0;4;0;0;0
"17/06/2018";"06:56:00";"44";"com vítima";"331";"BR-101/RJ";"Norte";"Colisão - Traseira";1;0;0;1;0;0;0;0;0;0;1;1;0;0;0
"18/06/2018";"08:21:00";"25";"com vítima";"329.1";"BR-101/RJ";"Sul";"Colisão - Traseira";1;0;0;1;0;0;0;0;0;0;0;1;0;0;0
"18/06/2018";"08:57:00";"38";"sem vítima";"333";"BR-101/RJ";"Sul";"Colisão - Traseira";2;0;0;0;0;0;0;0;0;0;1;0;0;0;0
"18/06/2018";"02:00:00";"67";"sem vítima";"327";"BR-101/RJ";"Sul";"Colisão - Traseira";2;0;0;0;0;0;0;0;0;0;1;0;0;0;0
"18/06/2018";"04:41:00";"83";"sem vítima";"322.5";"BR-101/RJ";"Norte";"Colisão - Traseira";2;0;0;0;0;0;0;0;0;0;1;0;0;0;0
"20/06/2018";"05:31:00";"68";"com vítima";"323.5";"BR-101/RJ";"Norte";"Colisão - Traseira";0;0;0;1;0;0;0;0;0;0;0;1;0;0;0
"20/06/2018";"06:33:00";"73";"sem vítima";"327.5";"BR-101/RJ";"Norte";"Colisão - Traseira";2;0;0;0;0;0;0;0;0;0;2;0;0;0;0
"21/06/2018";"02:53:00";"64";"sem vítima";"332.5";"BR-101/RJ";"Norte";"Capotamento";3;0;0;0;0;0;0;0;0;0;3;0;0;0;0
"22/06/2018";"03:27:00";"63";"com vítima";"331.5";"BR-101/RJ";"Sul";"Colisão - Traseira";1;0;0;1;0;0;0;0;0;0;0;1;1;0;0
"22/06/2018";"04:24:00";"70";"sem vítima";"322.3";"BR-101/RJ";"Norte";"Colisão - Traseira";0;0;0;0;0;0;0;0;0;0;1;0;0;0;0
"24/06/2018";"10:22:00";"16";"com vítima";"321";"BR-101/RJ";"Norte";"Colisão - Traseira";1;0;0;1;0;0;0;0;0;0;0;0;1;0;0
"25/06/2018";"07:48:00";"26";"sem vítima";"322.8";"BR-101/RJ";"Norte";"Colisão - Traseira";2;0;0;0;0;0;0;0;0;0;1;0;0;0;0
"25/06/2018";"03:00:00";"75";"com vítima";"329.5";"BR-101/RJ";"Sul";"Colisão - Traseira";1;0;0;1;0;0;0;0;0;0;1;0;0;1;0
"26/06/2018";"05:23:00";"4";"sem vítima";"322.8";"BR-101/RJ";"Norte";"Colisão - Traseira";1;0;0;0;0;0;0;0;0;0;1;0;0;0;0
"27/06/2018";"09:08:00";"35";"com vítima";"321";"BR-101/RJ";"Sul";"Atropelamento";0;0;0;1;0;0;0;0;0;0;0;0;1;0;0
"29/06/2018";"03:00:00";"72";"sem vítima";"326.2";"BR-101/RJ";"Norte";"Colisão - Traseira";2;0;0;0;0;0;0;0;0;0;2;0;0;0;0
"29/06/2018";"03:11:00";"74";"sem vítima";"327";"BR-101/RJ";"Norte";"Colisão - Traseira";1;0;0;0;0;0;0;0;0;1;3;0;0;0;0
"29/06/2018";"07:20:00";"111";"sem vítima";"321.5";"BR-101/RJ";"Norte";"Colisão - Traseira";2;0;0;0;0;0;0;0;0;0;1;0;0;0;0
"29/06/2018";"08:07:00";"117";"sem vítima";"331.6";"BR-101/RJ";"Norte";"Colisão - Traseira";2;0;0;0;0;0;0;0;0;0;1;0;0;0;0