data;horario;n_da_ocorrencia;tipo_de_ocorrencia;km;trecho;sentido;tipo_de_acidente;automovel;bicicleta;caminhao;moto;onibus;outros;tracao_animal;transporte_de_cargas_especiais;trator_maquinas;utilitarios;ilesos;levemente_feridos;moderadamente_feridos;gravemente_feridos;mortos
"23/05/2021";"02:02:00";"7";"AC02 - Aci";"324.3";"Cajú";"Sul";"Queda de moto";0;0;0;1;0;0;0;0;0;0;0;1;0;0;0
"23/05/2021";"06:28:00";"86";"AC02 - Aci";"321";"Acessos N";"Norte";"Colisão - Traseira";1;0;2;0;0;0;0;0;0;0;0;6;0;0;0
"24/05/2021";"11:30:00";"52";"AC03 - Aci";"324.3";"Cajú";"Norte";"Colisão - Traseira";1;0;0;1;0;0;0;0;0;0;1;0;0;0;0
"25/05/2021";"01:47:00";"5";"AC03 - Aci";"321";"Acessos N";"Sul";"Colisão - Transversal";1;0;0;1;0;0;0;0;0;0;2;0;0;0;0
"26/05/2021";"10:25:00";"37";"AC02 - Aci";"324.7";"Descida d";"Norte";"Queda de moto";0;0;0;1;0;0;0;0;0;0;0;2;0;0;0
"26/05/2021";"12:16:00";"48";"AC03 - Aci";"323.7";"Cajú";"Norte";"Engavetamento";5;0;0;0;0;0;0;0;0;0;5;0;0;0;0
"27/05/2021";"09:15:00";"109";"AC02 - Aci";"326.6";"Vão Centr";"Norte";"Queda de moto";0;0;0;1;0;0;0;0;0;0;0;1;0;0;0
"28/05/2021";"02:59:00";"61";"AC02 - Aci";"329.5";"Retão";"Sul";"Choque veículo parado na pista";1;0;0;1;0;0;0;0;0;0;1;0;1;0;0
"31/05/2021";"04:30:00";"78";"AC02 - Aci";"322";"Acessos N";"Norte";"Colisão - Traseira";2;0;0;0;0;0;0;0;0;0;0;2;0;0;0
"02/06/2021";"08:22:00";"30";"AC03 - Aci";"325.1";"Subida do";"Sul";"Colisão - Lateral";1;0;0;1;0;0;0;0;0;0;4;0;0;0;0
"02/06/2021";"08:40:00";"33";"AC02 - Aci";"325.6";"Subida do";"Sul";"Colisão - Traseira";1;0;0;1;0;0;0;0;0;0;1;1;0;0;0
"02/06/2021";"03:20:00";"100";"AC02 - Aci";"334";"Emergênci";"Sul";"Choque Defensa";1;0;0;0;0;0;0;0;0;0;0;1;0;0;0
"02/06/2021";"03:21:00";"101";"AC03 - Aci";"324.3";"Cajú";"Norte";"Engavetamento";2;0;0;0;0;0;0;0;0;1;3;0;0;0;0
"06/06/2021";"04:25:00";"9";"AC02 - Aci";"322.4";"Acessos N";"Norte";"Choque Defensa";1;0;0;0;0;0;0;0;0;0;0;2;0;0;0
"06/06/2021";"12:29:00";"42";"AC03 - Aci";"322.8";"Praça de ";"Norte";"Engavetamento";3;0;0;0;0;0;0;0;0;0;8;0;0;0;0
"07/06/2021";"01:23:00";"6";"AC02 - Aci";"322.4";"Acessos N";"Norte";"Colisão - Lateral";1;0;0;0;0;0;0;0;0;1;0;2;0;0;0
"08/06/2021";"07:07:00";"11";"AC02 - Aci";"329.5";"Retão";"Norte";"Choque veículo parado na pista";2;0;0;0;0;0;0;0;0;1;4;0;1;0;0
"10/06/2021";"05:52:00";"16";"AC03 - Aci";"321";"Acessos N";"Sul";"Choque com objeto sobre a pist";2;0;0;0;0;0;0;0;0;0;2;0;0;0;0
"11/06/2021";"05:18:00";"12";"AC02 - Aci";"321";"Acessos N";"Norte";"Choque - Meio Fio";1;0;0;0;0;0;0;0;0;0;0;1;0;0;0
"15/06/2021";"06:47:00";"92";"AC02 - Aci";"323.5";"Cajú";"Norte";"Engavetamento";2;0;0;0;0;0;0;0;0;1;0;3;0;0;0
"18/06/2021";"01:03:00";"46";"AC02 - Aci";"328.8";"Subida do";"Norte";"Choque veículo parado na pista";1;0;0;1;0;0;0;0;0;0;2;2;0;0;0
"19/06/2021";"05:57:00";"23";"AC03 - Aci";"330.6";"Retão";"Norte";"Colisão - Traseira";2;0;0;0;0;0;0;0;0;0;8;0;0;0;0
"19/06/2021";"07:20:00";"29";"AC03 - Aci";"321.9";"Acessos N";"Norte";"Colisão - Lateral";1;0;0;0;0;0;0;0;0;1;2;0;0;0;0
"20/06/2021";"05:52:00";"8";"AC02 - Aci";"327.2";"Descida d";"Sul";"Colisão - Traseira";2;0;0;0;0;0;0;0;0;0;5;1;0;0;0
"20/06/2021";"06:10:00";"9";"AC03 - Aci";"326.5";"Vão Centr";"Sul";"Choque Defensa";1;0;0;0;0;0;0;0;0;0;1;0;0;0;0
"22/06/2021";"06:21:00";"9";"AC02 - Aci";"323.7";"Cajú";"Sul";"Colisão - Traseira";1;0;0;1;0;0;0;0;0;0;1;1;0;0;0
"23/06/2021";"07:27:00";"72";"AC02 - Aci";"323.8";"Cajú";"Norte";"Queda de moto";0;0;0;1;0;0;0;0;0;0;0;1;0;0;0
"26/06/2021";"12:09:00";"40";"AC02 - Aci";"322.8";"Praça de ";"Norte";"Colisão - Traseira";0;0;0;1;0;0;0;0;0;1;1;1;0;0;0
"27/06/2021";"07:09:00";"45";"AC02 - Aci";"327.6";"Subida do";"Norte";"Choque veículo parado na pista";2;0;0;0;0;0;0;0;0;0;0;3;0;0;0
"28/06/2021";"05:29:00";"7";"AC02 - Aci";"321.9";"Acessos N";"Norte";"Colisão - Traseira";1;0;1;0;0;0;0;0;0;0;3;1;0;0;0
"28/06/2021";"08:03:00";"20";"AC03 - Aci";"328.8";"Subida do";"Norte";"Queda de moto";0;0;0;1;0;0;0;0;0;0;2;0;0;0;0
"28/06/2021";"08:16:00";"22";"AC03 - Aci";"321";"Acessos N";"Sul";"Engavetamento";3;0;0;0;0;0;0;0;0;0;3;0;0;0;0
"28/06/2021";"12:01:00";"39";"AC03 - Aci";"322.4";"Acessos N";"Norte";"Colisão - Traseira";0;0;2;0;0;0;0;0;0;0;2;0;0;0;0
"28/06/2021";"07:17:00";"82";"AC02 - Aci";"322.1";"Acessos N";"Norte";"Colisão - Traseira";1;0;0;1;0;0;0;0;0;0;0;3;0;0;0
"01/07/2021";"11:09:00";"46";"ac02 - Aci";"322.42";"PT";"Norte";"Atropelamento - Pedestre";2;0;0;0;0;0;0;0;0;0;0;3;0;0;0
"01/07/2021";"07:36:00";"110";"ac02 - Aci";"327.6";"PT";"Norte";"Colisão lateral no mesmo sentido";1;0;0;1;0;0;0;0;0;0;0;3;0;0;0
"01/07/2021";"09:06:00";"123";"ac03 - Aci";"322.05";"N03";"Sul";"Colisão Traseira";1;0;1;0;0;0;0;0;0;0;2;0;0;0;0
"02/07/2021";"01:09:00";"61";"ac03 - Aci";"327.44";"PT";"Norte";"Colisão Traseira";2;0;0;0;0;0;0;0;0;0;2;0;0;0;0
"02/07/2021";"04:35:00";"83";"ac03 - Aci";"330.96";"PT";"Norte";"Colisão Traseira";2;0;0;0;0;0;0;0;0;0;2;0;0;0;0
"02/07/2021";"04:45:00";"84";"ac03 - Aci";"322.42";"PT";"Norte";"Engavetamento";3;0;0;0;0;0;0;0;0;0;3;0;0;0;0
"03/07/2021";"12:36:00";"3";"ac03 - Aci";"332.1";"PT";"Norte";"Choque - Meio fio";1;0;0;0;0;0;0;0;0;0;1;0;0;0;0
"04/07/2021";"10:49:00";"25";"ac02 - Aci";"325.6";"PT";"Sul";"Colisão Traseira";1;0;0;1;0;0;0;0;0;0;2;0;0;1;0
"04/07/2021";"02:46:00";"37";"ac03 - Aci";"326.44";"PT";"Sul";"Choque - Veiculo parado na pista";3;0;0;0;0;0;0;0;0;0;5;0;0;0;0
"06/07/2021";"06:27:00";"67";"ac03 - Aci";"324.04";"PT";"Norte";"Colisão lateral no mesmo sentido";0;0;1;0;1;0;0;0;0;0;2;0;0;0;0
"06/07/2021";"07:05:00";"72";"ac02 - Aci";"329.52";"PT";"Norte";"Colisão Traseira";1;0;0;1;0;0;0;0;0;0;0;2;0;0;0
"09/07/2021";"01:38:00";"51";"ac03 - Aci";"333.62";"PT";"Sul";"Colisão Traseira";2;0;0;0;0;0;0;0;0;0;2;0;0;0;0
"10/07/2021";"04:03:00";"68";"ac03 - Aci";"323.78";"PT";"Norte";"Colisão Traseira";2;0;0;0;0;0;0;0;0;0;2;0;0;0;0
"10/07/2021";"04:19:00";"72";"ac02 - Aci";"324.8";"PT";"Sul";"Colisão lateral no mesmo sentido";1;0;0;1;0;0;0;0;0;0;0;5;0;0;0
"11/07/2021";"01:30:00";"2";"ac01 - Aci";"0.05";"N10";"Norte";"Choque - Defensa";1;0;0;0;0;0;0;0;0;0;0;0;1;1;1
"14/07/2021";"06:09:00";"8";"ac03 - Aci";"330.96";"PT";"Norte";"Colisão Traseira";1;0;0;0;0;0;0;0;0;0;1;0;0;0;0
"14/07/2021";"02:17:00";"57";"ac03 - Aci";"322.255";"PT";"Norte";"Colisão Traseira";0;0;2;0;0;0;0;0;0;0;2;0;0;0;0
"15/07/2021";"06:50:00";"10";"ac02 - Aci";"323.56";"PT";"Sul";"Colisão Traseira";2;0;0;0;0;0;0;0;0;0;1;1;0;0;0
"15/07/2021";"08:43:00";"95";"ac03 - Aci";"333.62";"PT";"Norte";"Colisão Traseira";2;0;0;0;0;0;0;0;0;0;4;0;0;0;0
"16/07/2021";"10:14:00";"33";"ac03 - Aci";"333.364";"PT";"Norte";"Engavetamento";4;0;0;0;0;0;0;0;0;0;10;0;0;0;0
"16/07/2021";"12:40:00";"52";"ac03 - Aci";"0.6";"R1";"Sul";"Colisão lateral no mesmo sentido";2;0;0;0;0;0;0;0;0;0;2;0;0;0;0
"16/07/2021";"09:22:00";"141";"ac03 - Aci";"329.52";"PT";"Norte";"Engavetamento";3;0;0;0;0;0;0;0;0;0;3;0;0;0;0
"16/07/2021";"10:21:00";"154";"ac02 - Aci";"323.07";"PT";"Norte";"Queda de Moto";1;0;0;1;0;0;0;0;0;0;1;2;0;0;0
"17/07/2021";"10:16:00";"29";"ac03 - Aci";"327.792";"PT";"Norte";"Colisão Traseira";2;0;0;0;0;0;0;0;0;0;2;0;0;0;0
"17/07/2021";"12:16:00";"44";"ac03 - Aci";"325.28";"PT";"Norte";"Colisão Traseira";2;0;0;0;0;0;0;0;0;0;2;0;0;0;0
"17/07/2021";"06:29:00";"109";"ac03 - Aci";"322.42";"PT";"Norte";"Colisão lateral no mesmo sentido";0;0;1;0;1;0;0;0;0;0;2;0;0;0;0
"19/07/2021";"10:56:00";"40";"ac02 - Aci";"324.8";"PT";"Sul";"Colisão Traseira";2;0;0;0;0;0;0;0;0;0;3;1;0;0;0
"21/07/2021";"06:04:00";"64";"ac02 - Aci";"332.91";"PT";"Norte";"Colisão lateral no mesmo sentido";1;0;0;0;0;0;0;0;0;0;0;1;0;0;0
"23/07/2021";"04:48:00";"88";"ac02 - Aci";"327.6";"PT";"Norte";"Colisão Traseira";2;0;0;0;0;0;0;0;0;0;0;2;0;0;0
"23/07/2021";"10:04:00";"130";"ac03 - Aci";"322.06";"N03";"Sul";"Engavetamento";3;0;0;0;0;0;0;0;0;0;3;0;0;0;0
"24/07/2021";"10:49:00";"53";"ac02 - Aci";"325.6";"PT";"Sul";"Colisão lateral no mesmo sentido";1;0;0;1;0;0;0;0;0;0;3;0;1;0;0
"25/07/2021";"03:49:00";"6";"ac02 - Aci";"0";"N01";"Sul";"Queda de Moto";0;0;0;1;0;0;0;0;0;0;0;1;0;0;0
"26/07/2021";"11:27:00";"37";"ac03 - Aci";"322.255";"PT";"Norte";"Colisão Traseira";1;0;0;1;0;0;0;0;0;0;2;0;0;0;0
"26/07/2021";"02:13:00";"57";"ac02 - Aci";"328.56";"PT";"Sul";"Engavetamento";4;0;0;0;0;0;0;0;0;0;0;13;0;0;0
"28/07/2021";"05:39:00";"68";"ac03 - Aci";"323.34";"PT";"Norte";"Colisão lateral no mesmo sentido";2;0;0;1;0;0;0;0;0;0;3;0;0;0;0
"30/07/2021";"08:58:00";"20";"ac02 - Aci";"0";"R1";"Sul";"Queda de Moto";1;0;0;0;0;0;0;0;0;0;0;1;1;0;0
"30/07/2021";"02:14:00";"50";"ac03 - Aci";"322.255";"PT";"Sul";"Colisão lateral no mesmo sentido";2;0;1;0;0;0;0;0;0;0;3;0;0;0;0
"30/07/2021";"04:32:00";"63";"ac03 - Aci";"323.07";"PT";"Norte";"Engavetamento";3;0;0;0;0;0;0;0;0;0;3;0;0;0;0
"30/07/2021";"10:50:00";"128";"ac02 - Aci";"327.6";"PT";"Norte";"Colisão Traseira";2;0;0;0;0;0;0;0;0;0;0;3;0;0;0
"31/07/2021";"10:49:00";"28";"ac03 - Aci";"0";"R1";"Sul";"Colisão Traseira";1;0;0;0;0;0;0;0;0;0;1;0;0;0;0
"31/07/2021";"06:24:00";"71";"ac03 - Aci";"322.61";"PT";"Norte";"Colisão Traseira";2;0;0;0;0;0;0;0;0;0;2;0;0;0;0
"01/08/2021";"12:16:00";"37";"ac03 - Aci";"322.458";"PT";"Norte";"Colisão Traseira";3;0;0;0;0;0;0;0;0;0;3;0;0;0;0
"02/08/2021";"07:46:00";"114";"ac02 - Aci";"0";"N10";"Norte";"Colisão lateral no mesmo sentido";1;0;0;1;1;0;0;0;0;0;0;4;0;0;0
"03/08/2021";"07:12:00";"20";"ac02 - Aci";"327.28";"PT";"Sul";"Engavetamento";4;0;0;0;0;0;0;0;0;0;5;1;0;0;0
"03/08/2021";"07:17:00";"22";"ac02 - Aci";"328.56";"PT";"Sul";"Choque - Meio Fio";1;0;0;0;0;0;0;0;0;0;0;1;0;0;0
"03/08/2021";"06:41:00";"110";"ac03 - Aci";"333.62";"PT";"Norte";"Colisão Traseira";2;0;0;0;0;0;0;0;0;0;2;0;0;0;0
"04/08/2021";"04:19:00";"59";"ac03 - Aci";"330.48";"PT";"Norte";"Colisão Traseira";3;0;0;2;0;0;0;0;0;0;6;0;0;0;0
"05/08/2021";"07:31:00";"21";"ac03 - Aci";"322.255";"PT";"Sul";"Colisão Traseira";2;0;0;0;0;0;0;0;0;0;2;0;0;0;0
"05/08/2021";"02:58:00";"56";"ac03 - Aci";"322.8";"PT";"Norte";"Engavetamento";3;0;0;0;0;0;0;0;0;0;5;0;0;0;0
"05/08/2021";"08:16:00";"96";"ac03 - Aci";"322.61";"PT";"Norte";"Colisão Traseira";2;0;0;0;0;0;0;0;0;0;2;0;0;0;0
"05/08/2021";"09:09:00";"103";"ac02 - Aci";"333.7";"R2A";"Norte";"Colisão Traseira";2;0;0;0;0;0;0;0;0;0;1;1;0;0;0
"06/08/2021";"12:31:00";"2";"ac02 - Aci";"324.04";"PT";"Norte";"Colisão lateral no mesmo sentido";2;0;1;0;0;0;0;0;0;0;2;1;0;0;0
"06/08/2021";"10:30:00";"132";"ac02 - Aci";"322.61";"PT";"Norte";"Choque - Defensa";1;0;0;0;0;0;0;0;0;0;0;1;0;0;0
"07/08/2021";"07:53:00";"100";"ac03 - Aci";"322.255";"PT";"Norte";"Colisão Traseira";2;0;0;0;0;0;0;0;0;0;2;0;0;0;0
"07/08/2021";"11:30:00";"112";"ac03 - Aci";"328.8";"PT";"Norte";"Choque - Meio fio";1;0;0;0;0;0;0;0;0;0;1;0;0;0;0
"08/08/2021";"07:02:00";"11";"ac03 - Aci";"327.28";"PT";"Norte";"Colisão Traseira";2;0;0;0;0;0;0;0;0;0;2;0;0;0;0
"08/08/2021";"12:01:00";"34";"ac03 - Aci";"329.52";"PT";"Sul";"Colisão Traseira";3;0;0;0;0;0;0;0;0;0;5;0;0;0;0
"08/08/2021";"01:44:00";"62";"ac03 - Aci";"322.42";"PT";"Norte";"Engavetamento";3;0;0;0;0;0;0;0;0;0;3;0;0;0;0
"08/08/2021";"06:43:00";"95";"ac02 - Aci";"0";"R1";"Sul";"Queda de Moto";0;0;0;1;0;0;0;0;0;0;0;0;0;1;0
"09/08/2021";"10:20:00";"144";"ac02 - Aci";"332.32";"PT";"Sul";"Capotamento";1;0;1;0;0;0;0;0;0;0;1;1;0;0;0
"10/08/2021";"06:17:00";"84";"ac03 - Aci";"327.84";"PT";"Norte";"Colisão lateral no mesmo sentido";2;0;0;0;0;0;0;0;0;0;2;0;0;0;0
"11/08/2021";"04:40:00";"89";"ac02 - Aci";"324.04";"PT";"Norte";"Colisão lateral no mesmo sentido";0;0;0;2;0;0;0;0;0;0;0;3;0;0;0
"12/08/2021";"08:42:00";"23";"ac03 - Aci";"0";"R3";"Sul";"Choque - Defensa";1;0;0;0;0;0;0;0;0;0;1;0;0;0;0
"15/08/2021";"04:13:00";"46";"ac03 - Aci";"328.8";"PT";"Sul";"Colisão Traseira";2;0;0;0;0;0;0;0;0;0;2;0;0;0;0
"15/08/2021";"08:58:00";"69";"ac03 - Aci";"322.255";"PT";"Norte";"Colisão Traseira";1;0;1;0;0;1;0;0;0;0;3;0;0;0;0
"16/08/2021";"10:08:00";"44";"ac03 - Aci";"325.936";"PT";"Norte";"Choque - Veiculo parado na pista";1;0;0;1;0;0;0;0;0;0;2;0;0;0;0
"17/08/2021";"06:30:00";"4";"ac02 - Aci";"0.1";"N11";;"Queda de Moto";0;0;0;1;0;0;0;0;0;0;0;1;0;0;0
"17/08/2021";"10:12:00";"21";"ac03 - Aci";"322.61";"PT";"Norte";"Colisão lateral no mesmo sentido";1;0;1;0;0;0;0;0;0;0;3;0;0;0;0
"17/08/2021";"06:00:00";"80";"ac03 - Aci";"332.32";"PT";"Norte";"Colisão lateral no mesmo sentido";1;0;0;1;0;0;0;0;0;0;2;0;0;0;0
"20/08/2021";"04:41:00";"93";"ac03 - Aci";"332.91";"PT";"Norte";"Colisão Traseira";1;0;0;0;0;0;0;0;0;0;1;0;0;0;0
"20/08/2021";"06:58:00";"113";"ac03 - Aci";"332.91";"PT";"Norte";"Colisão Traseira";1;0;0;1;0;0;0;0;0;0;2;0;0;0;0
"20/08/2021";"07:52:00";"132";"ac03 - Aci";"330";"PT";"Sul";"Colisão Traseira";2;0;0;0;0;0;0;0;0;0;2;0;0;0;0
"22/08/2021";"10:36:00";"26";"ac03 - Aci";"322.089";"PT";"Norte";"Colisão Traseira";1;0;0;0;1;0;0;0;0;0;2;0;0;0;0
"23/08/2021";"12:11:00";"1";"ac03 - Aci";"0";"N09";"Sul";"Choque - Outros";1;0;0;0;0;0;0;0;0;0;1;0;0;0;0
"23/08/2021";"07:40:00";"91";"ac03 - Aci";"329.52";"PT";"Norte";"Colisão Traseira";2;0;0;0;0;0;0;0;0;0;5;0;0;0;0
"23/08/2021";"07:57:00";"93";"ac03 - Aci";"325.344";"PT";"Sul";"Colisão Traseira";2;0;0;0;0;0;0;0;0;0;6;0;0;0;0
"24/08/2021";"12:15:00";"43";"ac03 - Aci";"321.6";"N03";"Sul";"Colisão lateral no mesmo sentido";1;0;1;0;0;0;0;0;0;0;6;0;0;0;0
"24/08/2021";"01:33:00";"50";"ac03 - Aci";"328.8";"PT";"Norte";"Queda de Moto";0;0;0;1;0;0;0;0;0;0;1;0;0;0;0
"24/08/2021";"05:25:00";"80";"ac01 - Aci";"322.42";"PT";"Norte";"Choque - Defensa metálica";1;0;0;0;0;0;0;0;0;0;0;1;0;0;0
"25/08/2021";"08:24:00";"35";"ac03 - Aci";"324.3";"PT";"Sul";"Engavetamento";4;0;0;0;0;0;0;0;0;0;6;0;0;0;0
"26/08/2021";"02:15:00";"5";"ac03 - Aci";"0";"N10";"Norte";"Choque - Defensa";1;0;0;0;0;0;0;0;0;0;1;0;0;0;0
"26/08/2021";"03:58:00";"10";"ac03 - Aci";"324.3";"PT";"Norte";"Colisão lateral no mesmo sentido";2;0;0;0;0;0;0;0;0;0;2;0;0;0;0
"28/08/2021";"08:22:00";"24";"ac03 - Aci";"322.458";"PT";"Norte";"Colisão Traseira";1;0;0;0;0;0;0;0;0;0;0;0;0;0;0
"29/08/2021";"08:26:00";"55";"ac03 - Aci";"322.255";"PT";"Norte";"Colisão Traseira";2;0;0;0;0;0;0;0;0;0;2;0;0;0;0
"30/08/2021";"09:53:00";"36";"ac03 - Aci";"330";"PT";"Sul";"Engavetamento";3;0;0;0;0;0;0;0;0;0;3;0;0;0;0
"30/08/2021";"07:17:00";"108";"ac03 - Aci";"333.14";"PT";"Norte";"Colisão Traseira";1;0;2;0;0;0;0;0;0;0;3;0;0;0;0
"01/09/2021";"12:04:00";"58";"ac03 - Aci";"0";"N10";"Norte";"Atropelamento - Pedestre";1;0;0;0;0;0;0;0;0;0;2;0;0;0;0
"02/09/2021";"07:09:00";"20";"ac03 - Aci";"330.24";"PT";"Sul";"Colisão lateral no mesmo sentido";2;0;0;0;0;0;0;0;0;0;4;0;0;0;0
"02/09/2021";"07:21:00";"22";"ac03 - Aci";"0.1";"N12";"Norte";"Colisão lateral no mesmo sentido";2;0;0;0;0;0;0;0;0;0;2;0;0;0;0
"02/09/2021";"03:13:00";"78";"in21 - Suí";"329.088";"PT";"Sul";"Queda de Ponte / Viaduto";1;0;0;0;0;0;0;0;0;0;0;0;0;0;1
"03/09/2021";"09:18:00";"37";"in21 - Suí";"327.6";"PT";"Norte";"Queda de Ponte / Viaduto";1;0;0;0;0;0;0;0;0;0;0;0;0;1;0
"03/09/2021";"06:50:00";"115";"ac02 - Aci";"326.272";"PT";"Sul";"Colisão Traseira";1;0;0;1;0;0;0;0;0;0;3;0;1;0;0
"03/09/2021";"07:31:00";"119";"ac03 - Aci";"322.8";"PT";"Norte";"Colisão Traseira";2;0;0;0;0;0;0;0;0;0;2;0;0;0;0
"04/09/2021";"05:35:00";"17";"ac03 - Aci";"322.089";"PT";"Norte";"Colisão lateral no mesmo sentido";2;0;0;0;0;0;0;0;0;0;5;0;0;0;0
"04/09/2021";"01:35:00";"68";"ac02 - Aci";"324.8";"PT";"Norte";"Colisão Traseira";1;0;0;1;0;0;0;0;0;0;1;1;0;0;0
"05/09/2021";"08:57:00";"22";"ac02 - Aci";"333.14";"PT";"Norte";"Colisão lateral no mesmo sentido";1;0;0;1;0;0;0;0;0;0;1;0;1;0;0
"06/09/2021";"06:59:00";"8";"ac03 - Aci";"325.088";"PT";"Norte";"Colisão Traseira";1;0;1;0;0;0;0;0;0;0;2;0;0;0;0
"08/09/2021";"12:55:00";"67";"ac03 - Aci";"324.3";"PT";"Sul";"Colisão Traseira";2;0;0;0;0;0;0;0;0;0;2;0;0;0;0
"09/09/2021";"09:12:00";"99";"ac01 - Aci";"326.944";"PT";"Norte";"Queda de Moto";0;0;0;1;0;0;0;0;0;0;0;0;0;0;1
"13/09/2021";"11:59:00";"53";"ac02 - Aci";"326.44";"PT";"Norte";"Colisão lateral no mesmo sentido";2;0;0;0;0;0;0;0;0;0;0;2;0;0;0
"14/09/2021";"11:23:00";"46";"ac03 - Aci";"333.46";"PT";"Norte";"Colisão lateral no mesmo sentido";1;0;2;0;0;0;0;0;0;0;4;0;0;0;0
"14/09/2021";"01:16:00";"61";"ac03 - Aci";"0";"N08";"Norte";"Choque - Meio fio";1;0;0;0;0;0;0;0;0;0;1;0;0;0;0
"16/09/2021";"05:00:00";"83";"ac02 - Aci";"322.61";"PT";"Sul";"Colisão lateral no mesmo sentido";2;0;1;0;0;0;0;0;0;0;7;1;0;0;0
"18/09/2021";"04:11:00";"58";"ac02 - Aci";"326.272";"PT";"Sul";"Colisão lateral no mesmo sentido";2;0;0;0;1;0;0;0;0;0;0;6;0;0;0
"18/09/2021";"06:30:00";"76";"ac03 - Aci";"327.28";"PT";"Sul";"Colisão lateral no mesmo sentido";1;0;1;0;0;0;0;0;0;0;4;0;0;0;0
"19/09/2021";"09:38:00";"20";"in21 - Suí";"327.84";"PT";"Norte";"Queda de Ponte / Viaduto";1;0;0;0;0;0;0;0;0;0;0;0;0;1;0
"19/09/2021";"03:05:00";"47";"ac02 - Aci";"322.42";"PT";"Norte";"Engavetamento";3;0;0;0;0;0;0;0;0;0;7;2;0;0;0
"20/09/2021";"09:39:00";"40";"ac02 - Aci";"323.34";"PT";"Sul";"Colisão Traseira";2;0;0;0;0;0;0;0;0;0;1;2;0;0;0
"20/09/2021";"05:18:00";"90";"ac03 - Aci";"325.088";"PT";"Sul";"Colisão Traseira";2;0;0;0;0;0;0;0;0;0;3;0;0;0;0
"20/09/2021";"05:22:00";"91";"ac03 - Aci";"325.136";"PT";"Sul";"Colisão Traseira";2;0;0;0;0;0;0;0;0;0;2;0;0;0;0
"21/09/2021";"06:34:00";"15";"ac02 - Aci";"333.14";"PT";"Norte";"Choque - Veículo parado na pista";1;0;1;0;0;0;0;0;0;0;1;0;1;0;0
"22/09/2021";"08:20:00";"83";"ac03 - Aci";"322.42";"PT";"Sul";"Colisão lateral no mesmo sentido";1;0;1;0;0;0;0;0;0;0;3;0;0;0;0
"22/09/2021";"08:36:00";"86";"ac03 - Aci";"322.61";"PT";"Norte";"Colisão lateral no mesmo sentido";1;0;0;0;0;0;0;0;0;0;1;0;0;0;0
"23/09/2021";"10:15:00";"38";"ac02 - Aci";"0";"N13";"Sul";"Atropelamento Ciclista";0;1;0;0;1;0;0;0;0;0;1;0;0;1;0
"24/09/2021";"11:35:00";"44";"ac03 - Aci";"324.45";"PT";"Norte";"Engavetamento";4;0;0;0;0;0;0;0;0;0;4;0;0;0;0
"24/09/2021";"05:27:00";"94";"ac03 - Aci";"326.272";"PT";"Sul";"Choque - Veículo parado na pista";5;0;0;0;0;0;0;0;0;0;7;0;0;0;0
"25/09/2021";"01:40:00";"9";"ac03 - Aci";"323.07";"PT";"Norte";"Choque - Defensa";1;0;0;0;0;0;0;0;0;0;1;0;0;0;0
"25/09/2021";"02:23:00";"10";"ac03 - Aci";"323.34";"PT";"Norte";"Colisão Traseira";2;0;0;0;0;0;0;0;0;0;4;0;0;0;0
"25/09/2021";"11:30:00";"44";"ac03 - Aci";"322.188";"PT";"Norte";"Colisão Traseira";1;0;1;0;0;0;0;0;0;0;5;0;0;0;0
"26/09/2021";"06:46:00";"66";"ac03 - Aci";"322.8";"PT";"Norte";"Colisão Traseira";4;0;0;0;0;0;0;0;0;0;8;0;0;0;0
"28/09/2021";"03:51:00";"68";"ac02 - Aci";"328.56";"PT";"Sul";"Colisão Traseira";2;0;0;0;0;0;0;0;0;0;3;1;0;0;0
"03/10/2021";"01:15:00";"42";"ac03 - Aci";"322.255";"PT";"Norte";"Engavetamento";3;0;0;0;0;0;0;0;0;0;5;0;0;0;0
"04/10/2021";"10:22:00";"47";"ac02 - Aci";"322.089";"PT";"Norte";"Colisão lateral no mesmo sentido";1;0;0;1;0;0;0;0;0;0;0;2;0;0;0
"06/10/2021";"05:39:00";"81";"ac03 - Aci";"330.24";"PT";"Sul";"Colisão Traseira";2;0;0;0;0;0;0;0;0;0;2;0;0;0;0
"06/10/2021";"06:10:00";"83";"ac03 - Aci";"323.07";"PT";"Norte";"Colisão lateral no mesmo sentido";1;0;0;1;0;0;0;0;0;0;2;0;0;0;0
"06/10/2021";"07:39:00";"92";"ac03 - Aci";"333.624";"R2A";"Norte";"Colisão lateral no mesmo sentido";1;0;1;0;0;0;0;0;0;0;2;0;0;0;0
"08/10/2021";"05:24:00";"79";"ac02 - Aci";"330";"PT";"Norte";"Queda de Moto";1;0;0;0;0;0;0;0;0;0;0;2;0;0;0
"10/10/2021";"04:57:00";"11";"ac03 - Aci";"331.88";"PT";"Sul";"Choque - Defensa";1;0;0;0;0;0;0;0;0;0;1;0;0;0;0
"11/10/2021";"02:43:00";"6";"ac03 - Aci";"327.28";"PT";"Norte";"Colisão lateral no mesmo sentido";3;0;0;0;0;0;0;0;0;0;7;0;0;0;0
"11/10/2021";"07:39:00";"82";"ac03 - Aci";"325.04";"PT";"Norte";"Colisão lateral no mesmo sentido";1;0;0;0;0;0;0;0;0;0;2;0;0;0;0
"13/10/2021";"03:13:00";"83";"ac03 - Aci";"322.8";"PT";"Norte";"Colisão lateral no mesmo sentido";1;0;1;0;0;0;0;0;0;0;2;0;0;0;0
"13/10/2021";"07:09:00";"114";"ac03 - Aci";"331.88";"PT";"Norte";"Colisão lateral no mesmo sentido";1;0;0;0;1;0;0;0;0;0;2;0;0;0;0
"14/10/2021";"01:19:00";"53";"ac03 - Aci";"325.6";"PT";"Sul";"Choque - Veículo parado na pista";1;0;0;1;0;0;0;0;0;0;2;0;0;0;0