data;horario;n_da_ocorrencia;tipo_de_ocorrencia;km;trecho;sentido;tipo_de_acidente;automovel;bicicleta;caminhao;moto;onibus;outros;tracao_animal;transporte_de_cargas_especiais;trator_maquinas;utilitarios;ilesos;levemente_feridos;moderadamente_feridos;gravemente_feridos;mortos
"20/12/2022";"09:45:00";"41";"ac03 - Aci";"322.962";"PT";"Norte";"Colisão Traseira";2;0;0;0;0;0;0;0;0;0;2;0;0;0;0
"20/12/2022";"10:27:00";"47";"ac03 - Aci";"322.255";"PT";"Norte";"Colisão lateral no mesmo sentido";1;0;1;0;0;0;0;0;0;0;3;0;0;0;0
"21/12/2022";"11:56:00";"41";"ac03 - Aci";"326.608";"PT";"Norte";"Colisão lateral no mesmo sentido";0;0;0;1;1;0;0;0;0;0;2;0;0;0;0
"21/12/2022";"03:41:00";"54";"ac02 - Aci";"330.96";"PT";"Sul";"Choque - Defensa";1;0;0;0;0;0;0;0;0;0;0;0;1;0;0
"22/12/2022";"01:03:00";"6";"ac01 - Aci";"333.048";"PT";"Norte";"Choque - Defensa";1;0;0;0;0;0;0;0;0;0;0;0;0;0;1
"24/12/2022";"12:33:00";"2";"ac02 - Aci";"332.1";"PT";"Norte";"Colisão Traseira";0;0;0;1;0;0;0;0;0;0;0;1;0;0;0
"27/12/2022";"05:23:00";"101";"ac03 - Aci";"322.067";"N03";"Sul";"Queda de Moto";1;0;0;1;0;0;0;0;0;0;2;0;0;0;0
"27/12/2022";"07:59:00";"119";"ac02 - Aci";"331.66";"PT";"Sul";"Colisão Traseira";2;0;0;0;0;0;0;0;0;0;1;0;1;0;0
"28/12/2022";"06:40:00";"11";"ac02 - Aci";"324.3";"PT";"Sul";"Colisão Traseira";1;0;0;1;0;0;0;0;0;0;0;2;0;0;0
"29/12/2022";"12:21:00";"68";"ac03 - Aci";"333.939";"R2A";"Norte";"Colisão Traseira";1;0;1;0;0;0;0;0;0;0;2;0;0;0;0
"30/12/2022";"11:19:00";"45";"ac03 - Aci";"332.68";"PT";"Norte";"Colisão lateral no sentido contrário";1;0;0;0;0;0;0;0;0;0;1;0;0;0;0
"30/12/2022";"11:33:00";"47";"ac03 - Aci";"324.75";"PT";"Norte";"Colisão Traseira";2;0;0;0;0;0;0;0;0;0;4;0;0;0;0
"03/01/2023";"09:37:00";"44";"ac02 - Aci";"322.287";"PT";"Sul";"Colisão Traseira";3;0;0;0;0;0;0;0;0;0;2;4;0;0;0
"03/01/2023";"04:03:00";"146";"ac03 - Aci";"323.78";"PT";"Sul";"Choque - Outros";0;0;0;1;0;0;0;0;0;0;2;0;0;0;0
"04/01/2023";"07:06:00";"22";"ac03 - Aci";"322.42";"PT";"Sul";"Colisão lateral no mesmo sentido";3;0;0;0;0;0;0;0;0;0;3;0;0;0;0
"04/01/2023";"12:26:00";"66";"ac03 - Aci";"323.56";"PT";"Sul";"Colisão lateral no mesmo sentido";2;0;0;0;0;0;0;0;0;0;5;0;0;0;0
"05/01/2023";"12:44:00";"55";"ac03 - Aci";"330";"PT";"Norte";"Engavetamento";3;0;0;1;0;0;0;0;0;0;4;0;0;0;0
"07/01/2023";"10:42:00";"83";"ac03 - Aci";"333.46";"PT";"Norte";"Capotamento";1;0;1;0;0;0;0;0;0;0;2;0;0;0;0
"08/01/2023";"06:20:00";"9";"ac02 - Aci";"0.704";"N01";"Sul";"Queda de Moto";0;0;0;1;0;0;0;0;0;0;0;1;0;0;0
"08/01/2023";"05:39:00";"59";"ac02 - Aci";"324.3";"PT";"Sul";"Colisão Traseira";2;0;0;0;0;0;0;0;0;0;0;5;0;0;0
"08/01/2023";"06:46:00";"66";"ac02 - Aci";"0.081";"N01";"Sul";"Colisão Traseira";1;0;0;1;0;0;0;0;0;0;0;1;1;0;0
"11/01/2023";"06:12:00";"12";"ac02 - Aci";"323.61";"PT";"Sul";"Colisão Traseira";1;0;0;1;0;0;0;0;0;0;5;0;1;0;0
"12/01/2023";"06:50:00";"15";"ac02 - Aci";"323.604";"PT";"Sul";"Colisão Traseira";2;0;0;0;0;0;0;0;0;0;3;1;0;0;0
"12/01/2023";"01:51:00";"62";"ac02 - Aci";"327.28";"PT";"Sul";"Colisão Traseira";1;0;0;1;0;0;0;0;0;0;1;1;0;0;0
"12/01/2023";"07:51:00";"117";"ac02 - Aci";"329.76";"PT";"Sul";"Choque - Veículo parado na pista";1;0;0;1;0;0;0;0;0;0;2;0;1;0;0
"13/01/2023";"07:09:00";"20";"ac03 - Aci";"330";"PT";"Norte";"Colisão Traseira";1;0;0;0;0;1;0;0;0;0;3;0;0;0;0
"14/01/2023";"02:53:00";"94";"ac03 - Aci";"330";"PT";"Sul";"Colisão Traseira";1;0;0;0;0;0;0;0;0;1;2;0;0;0;0
"16/01/2023";"05:32:00";"129";"ac03 - Aci";"325.6";"PT";"Sul";"Colisão Traseira";1;0;0;1;0;0;0;0;0;0;3;0;0;0;0
"17/01/2023";"08:48:00";"32";"ac02 - Aci";"325.28";"PT";"Sul";"Queda de Moto";1;0;0;0;0;0;0;0;0;0;0;1;0;0;0
"17/01/2023";"12:37:00";"73";"ac02 - Aci";"325.04";"PT";"Norte";"Colisão Traseira";1;0;0;1;0;0;0;0;0;0;0;2;0;0;0
"18/01/2023";"02:07:00";"63";"ac03 - Aci";"326.44";"PT";"Norte";"Capotamento";1;0;0;0;0;0;0;0;0;1;2;0;0;0;0
"19/01/2023";"01:37:00";"60";"ac03 - Aci";"326.44";"PT";"Norte";"Colisão Traseira";1;0;0;0;0;0;0;0;0;0;4;0;0;0;0
"20/01/2023";"05:56:00";"102";"ac03 - Aci";"330";"PT";"Norte";"Queda de Moto";0;0;0;1;0;0;0;0;0;0;1;0;0;0;0
"21/01/2023";"12:27:00";"29";"ac02 - Aci";"322.089";"PT";"Norte";"Queda de Moto";0;0;0;1;0;0;0;0;0;0;0;1;0;0;0
"22/01/2023";"06:13:00";"76";"ac02 - Aci";"323.07";"PT";"Sul";"Colisão Traseira";2;0;0;0;0;0;0;0;0;0;3;1;0;0;0
"24/01/2023";"02:36:00";"78";"ac03 - Aci";"322.089";"PT";"Norte";"Colisão Traseira";2;0;0;0;0;0;0;0;0;0;4;0;0;0;0
"24/01/2023";"05:41:00";"94";"ac02 - Aci";"326.44";"PT";"Sul";"Colisão lateral no mesmo sentido";1;0;1;0;0;0;0;0;0;0;1;1;0;0;0
"25/01/2023";"02:36:00";"69";"ac02 - Aci";"322.255";"PT";"Sul";"Colisão lateral no mesmo sentido";1;0;0;1;0;0;0;0;0;0;1;1;0;0;0
"27/01/2023";"06:58:00";"18";"ac03 - Aci";"327.6";"PT";"Norte";"Colisão Traseira";1;0;0;0;1;0;0;0;0;0;2;0;0;0;0
"27/01/2023";"07:11:00";"20";"ac03 - Aci";"327.792";"PT";"Norte";"Colisão Traseira";1;0;0;0;1;0;0;0;0;0;2;0;0;0;0
"27/01/2023";"09:36:00";"34";"ac02 - Aci";"327.84";"PT";"Sul";"Colisão Traseira";2;0;0;0;0;0;0;0;0;0;3;1;0;0;0
"27/01/2023";"02:35:00";"62";"ac03 - Aci";"333.46";"PT";"Norte";"Engavetamento";3;0;0;0;0;0;0;0;0;0;6;0;0;0;0
"28/01/2023";"07:57:00";"20";"ac02 - Aci";"323.34";"PT";"Norte";"Engavetamento";3;0;0;0;0;0;0;0;0;0;5;1;0;0;0
"29/01/2023";"03:05:00";"49";"ac02 - Aci";"324.55";"PT";"Norte";"Colisão lateral no mesmo sentido";1;0;0;2;0;0;0;0;0;0;5;1;0;0;0
"29/01/2023";"04:58:00";"60";"ac03 - Aci";"0.081";"N01";"Sul";"Colisão Traseira";3;0;0;0;0;0;0;0;0;0;3;0;0;0;0
"29/01/2023";"05:09:00";"61";"ac03 - Aci";"333.46";"PT";"Norte";"Colisão Traseira";3;0;0;0;0;0;0;0;0;0;4;0;0;0;0
"01/02/2023";"07:06:00";"23";"ac02 - Aci";"322.255";"PT";"Sul";"Colisão Traseira";2;0;0;0;0;0;0;0;0;0;2;1;0;0;0
"02/02/2023";"08:32:00";"24";"ac02 - Aci";"0.704";"N09";"Sul";"Colisão Traseira";0;0;0;1;1;0;0;0;0;0;1;1;0;0;0
"03/02/2023";"10:35:00";"35";"ac03 - Aci";"322.089";"PT";"Norte";"Colisão lateral no mesmo sentido";1;0;0;1;0;0;0;0;0;0;3;0;0;0;0
"03/02/2023";"03:52:00";"80";"ac02 - Aci";"328.56";"PT";"Norte";"Colisão Traseira";3;0;0;0;0;0;0;0;0;0;2;1;0;0;0
"07/02/2023";"09:26:00";"28";"ac02 - Aci";"332.864";"PT";"Sul";"Colisão lateral no mesmo sentido";1;0;0;1;0;0;0;0;0;0;2;1;0;0;0
"09/02/2023";"12:33:00";"3";"ac02 - Aci";"322.8";"PT";"Sul";"Queda de Moto";0;0;0;1;0;0;0;0;0;0;0;2;0;0;0
"10/02/2023";"07:49:00";"24";"ac03 - Aci";"332.32";"PT";"Sul";"Engavetamento";4;0;0;0;0;0;0;0;0;0;4;0;0;0;0
"10/02/2023";"10:04:00";"39";"ac03 - Aci";"321.6";"N03";"Sul";"Engavetamento";2;0;0;0;0;1;0;0;0;1;4;0;0;0;0
"10/02/2023";"09:13:00";"135";"ac02 - Aci";"330.72";"PT";"Norte";"Queda de Moto";0;0;0;1;0;0;0;0;0;0;0;1;0;0;0
"11/02/2023";"09:57:00";"41";"ac02 - Aci";"331.2";"PT";"Norte";"Choque - Veículo parado na pista";1;0;0;1;0;0;0;0;0;0;0;0;0;2;0
"13/02/2023";"04:44:00";"10";"ac02 - Aci";"332.91";"PT";"Sul";"Queda de Moto";0;0;0;1;0;0;0;0;0;0;0;0;1;0;0
"13/02/2023";"10:28:00";"43";"ac02 - Aci";"326.44";"PT";"Sul";"Engavetamento";4;0;0;0;0;0;0;0;0;0;4;1;0;0;0
"13/02/2023";"05:09:00";"102";"ac01 - Aci";"327.6";"PT";"Norte";"Colisão Traseira";2;0;0;1;0;0;0;0;0;0;2;1;0;0;1
"13/02/2023";"05:29:00";"103";"ac02 - Aci";"326.44";"PT";"Sul";"Colisão Traseira";1;0;0;1;0;0;0;0;0;0;1;2;0;0;0
"14/02/2023";"04:46:00";"105";"ac03 - Aci";"322.089";"PT";"Norte";"Colisão lateral no mesmo sentido";1;0;1;0;0;0;0;0;0;0;2;0;0;0;0
"15/02/2023";"03:25:00";"107";"ac03 - Aci";"331.44";"PT";"Sul";"Engavetamento";2;0;0;0;0;0;0;0;0;1;3;0;0;0;0
"16/02/2023";"12:14:00";"2";"ac03 - Aci";"333.63";"R2A";"Norte";"Choque - Barreira";1;0;0;0;0;0;0;0;0;0;1;0;0;0;0
"16/02/2023";"01:41:00";"95";"ac03 - Aci";"0.815";"N08";"Norte";"Colisão Traseira";2;0;0;0;0;0;0;0;0;0;3;0;0;0;0
"16/02/2023";"11:23:00";"220";"ac02 - Aci";"325.936";"PT";"Sul";"Colisão Traseira";2;0;0;0;0;0;0;0;0;0;1;2;3;0;0
"18/02/2023";"03:30:00";"127";"ac02 - Aci";"325.6";"PT";"Norte";"Colisão Traseira";2;0;0;0;0;0;0;0;0;0;3;1;0;0;0
"21/02/2023";"07:52:00";"22";"ac03 - Aci";"322.255";"PT";"Norte";"Colisão lateral no mesmo sentido";2;0;0;0;0;0;0;0;0;0;4;0;0;0;0
"21/02/2023";"01:48:00";"51";"ac03 - Aci";"0.045";"N10";"Norte";"Capotamento";1;0;0;0;0;0;0;0;0;0;1;0;0;0;0
"21/02/2023";"04:07:00";"65";"ac03 - Aci";"0.827";"R4";"Norte";"Colisão lateral no mesmo sentido";2;0;0;0;0;0;0;0;0;0;2;0;0;0;0
"22/02/2023";"06:49:00";"23";"ac03 - Aci";"0";"R4";"Norte";"Colisão Traseira";2;0;0;0;0;0;0;0;0;0;2;0;0;0;0
"22/02/2023";"09:44:00";"40";"ac02 - Aci";"331.88";"PT";"Norte";"Queda de Moto";0;0;0;1;0;0;0;0;0;0;0;0;1;0;0
"24/02/2023";"12:15:00";"49";"ac03 - Aci";"331.2";"PT";"Sul";"Colisão lateral no mesmo sentido";1;0;1;0;0;0;0;0;0;0;5;0;0;0;0
"24/02/2023";"01:22:00";"54";"ac03 - Aci";"322.255";"PT";"Norte";"Engavetamento";3;0;0;0;0;0;0;0;0;0;4;0;0;0;0
"25/02/2023";"02:57:00";"87";"ac02 - Aci";"324.04";"PT";"Sul";"Colisão Traseira";1;0;0;1;0;0;0;0;0;0;1;1;0;0;0
"26/02/2023";"06:09:00";"15";"ac02 - Aci";"330";"PT";"Sul";"Queda de Moto";0;0;0;1;0;0;0;0;0;0;0;1;0;0;0
"26/02/2023";"08:05:00";"26";"ac02 - Aci";"0.704";"N09";"Sul";"Colisão Traseira";1;0;0;1;0;0;0;0;0;0;1;1;0;0;0
"27/02/2023";"03:41:00";"84";"ac02 - Aci";"330.24";"PT";"Sul";"Queda de Moto";1;0;0;1;0;0;0;0;0;0;1;1;0;0;0
"28/02/2023";"10:52:00";"61";"ac01 - Aci";"0";"N10";"Norte";"Atropelamento - Pedestre";0;0;0;0;0;0;0;0;0;1;1;1;0;0;1
"28/02/2023";"04:03:00";"113";"ac02 - Aci";"0.377";"N10";"Norte";"Atropelamento - Pedestre";3;0;0;0;0;0;0;0;0;0;4;0;0;1;0
"28/02/2023";"07:27:00";"146";"ac03 - Aci";"324.8";"PT";"Norte";"Colisão Traseira";2;0;0;0;0;0;0;0;0;0;2;0;0;0;0
"01/03/2023";"04:53:00";"102";"ac02 - Aci";"324+040";"PT";"Sul";"Colisão Traseira";0;0;1;0;1;0;0;0;0;0;1;1;0;0;0
"02/03/2023";"06:00:00";"101";"ac03 - Aci";"322+800";"PT";"Norte";"Engavetamento";3;0;0;0;0;0;0;0;0;0;3;0;0;0;0
"03/03/2023";"06:30:00";"20";"ac02 - Aci";"324+300";"PT";"Norte";"Capotamento";1;0;0;0;0;0;0;0;0;0;0;1;0;0;0
"03/03/2023";"07:31:00";"137";"ac03 - Aci";"328+560";"PT";"Norte";"Colisão Traseira";2;0;0;0;0;0;0;0;0;0;2;0;0;0;0
"03/03/2023";"09:22:00";"152";"ac02 - Aci";"322+610";"PT";"Norte";"Colisão Traseira";1;0;0;0;0;0;0;0;0;1;1;1;0;0;0
"04/03/2023";"04:44:00";"94";"ac03 - Aci";"0+000";"N07";"Sul";"Colisão Traseira";2;0;0;0;0;0;0;0;0;0;2;0;0;0;0
"05/03/2023";"03:50:00";"10";"ac01 - Aci";"323+340";"PT";"Sul";"Atropelamento - Pedestre";1;0;0;0;0;0;0;0;0;0;2;1;0;0;1
"05/03/2023";"06:14:00";"62";"ac03 - Aci";"326+440";"PT";"Sul";"Colisão Traseira";2;0;0;0;0;0;0;0;0;0;2;0;0;0;0
"06/03/2023";"03:56:00";"78";"ac02 - Aci";"327+312";"PT";"Norte";"Queda de Moto";0;0;0;1;0;0;0;0;0;0;0;1;0;0;0
"07/03/2023";"07:16:00";"16";"ac02 - Aci";"324+040";"PT";"Sul";"Engavetamento";3;0;0;2;0;0;0;0;0;0;2;3;0;0;0
"08/03/2023";"09:05:00";"32";"ac02 - Aci";"329+760";"PT";"Norte";"Choque - Defensa";1;0;0;0;0;0;0;0;0;0;0;1;0;0;0
"08/03/2023";"02:14:00";"64";"ac02 - Aci";"330+000";"PT";"Norte";"Colisão lateral no mesmo sentido";2;0;0;0;0;0;0;0;0;0;0;4;0;0;0
"09/03/2023";"08:21:00";"27";"ac03 - Aci";"322+800";"PT";"Sul";"Queda de Moto";0;0;0;1;0;0;0;0;0;0;1;0;0;0;0
"09/03/2023";"03:31:00";"84";"ac02 - Aci";"322+610";"PT";"Norte";"Colisão Traseira";3;0;0;0;0;0;0;0;0;0;3;1;0;0;0
"10/03/2023";"08:56:00";"139";"ac02 - Aci";"324+040";"PT";"Norte";"Colisão Traseira";2;0;0;0;0;0;0;0;0;0;4;1;0;0;0
"10/03/2023";"10:33:00";"155";"ac03 - Aci";"323+780";"PT";"Norte";"Colisão Traseira";2;0;1;0;0;0;0;0;0;0;5;0;0;0;0
"14/03/2023";"07:09:00";"23";"ac03 - Aci";"324+092";"PT";"Sul";"Colisão Traseira";1;0;0;1;0;0;0;0;0;0;2;0;0;0;0
"14/03/2023";"08:33:00";"40";"ac03 - Aci";"328+560";"PT";"Norte";"Colisão Traseira";2;0;0;0;0;0;0;0;0;0;3;0;0;0;0
"14/03/2023";"10:49:00";"53";"ac02 - Aci";"332+100";"PT";"Sul";"Colisão Traseira";0;0;0;1;1;0;0;0;0;0;1;1;1;0;0
"15/03/2023";"02:10:00";"67";"ac02 - Aci";"325+600";"PT";"Norte";"Choque - Veículo parado na pista";2;0;0;0;0;0;0;0;0;0;0;3;0;0;0
"15/03/2023";"05:34:00";"97";"ac02 - Aci";"325+936";"PT";"Sul";"Queda de Moto";1;0;0;1;0;0;0;0;0;0;1;0;0;2;0
"15/03/2023";"06:50:00";"110";"ac03 - Aci";"322+420";"PT";"Sul";"Engavetamento";3;0;0;0;0;0;0;0;0;0;3;0;0;0;0
"16/03/2023";"07:42:00";"31";"ac03 - Aci";"322+255";"PT";"Sul";"Choque - Defensa";1;0;0;0;0;0;0;0;0;0;1;0;0;0;0
"17/03/2023";"08:03:00";"21";"ac02 - Aci";"322+255";"PT";"Norte";"Queda de Moto";0;0;0;1;0;0;0;0;0;0;0;1;0;0;0
"18/03/2023";"12:16:00";"44";"ac03 - Aci";"323+604";"PT";"Norte";"Colisão lateral no mesmo sentido";1;0;0;1;0;0;0;0;0;0;3;0;0;0;0
"18/03/2023";"05:52:00";"98";"ac03 - Aci";"322+067";"N03";"Sul";"Colisão Traseira";2;0;0;0;0;0;0;0;0;0;2;0;0;0;0
"19/03/2023";"11:36:00";"35";"ac02 - Aci";"322+287";"PT";"Norte";"Choque - Outros";1;0;0;1;0;0;0;0;0;0;1;1;0;0;0
"19/03/2023";"02:16:00";"55";"ac02 - Aci";"326+272";"PT";"Norte";"Colisão Traseira";1;0;0;1;0;0;0;0;0;0;1;1;0;0;0
"20/03/2023";"07:21:00";"27";"ac02 - Aci";"333+460";"PT";"Sul";"Colisão Traseira";2;0;0;0;0;0;0;0;0;0;0;3;0;0;0
"21/03/2023";"09:28:00";"24";"ac02 - Aci";"0+669";"R1";"Sul";"Colisão lateral no mesmo sentido";2;0;0;1;0;0;0;0;0;0;3;1;0;0;0
"21/03/2023";"05:43:00";"66";"ac02 - Aci";"330+480";"PT";"Sul";"Atropelamento - Pedestre";1;0;0;1;0;0;0;0;0;0;1;1;0;0;0
"22/03/2023";"09:10:00";"38";"ac03 - Aci";"328+992";"PT";"Norte";"Colisão Traseira";0;0;2;0;0;0;0;0;0;0;2;0;0;0;0
"22/03/2023";"12:58:00";"66";"ac02 - Aci";"333+460";"PT";"Norte";"Colisão Traseira";2;0;0;0;0;0;0;0;0;0;1;1;1;0;0
"23/03/2023";"09:24:00";"34";"ac02 - Aci";"327+280";"PT";"Sul";"Colisão Traseira";2;0;0;0;0;0;0;0;0;0;1;1;0;0;0
"24/03/2023";"06:36:00";"21";"ac02 - Aci";"321+600";"N03";"Sul";"Atropelamento - Pedestre";0;0;0;1;0;0;0;0;0;0;1;1;0;0;0
"25/03/2023";"08:25:00";"26";"ac03 - Aci";"322+610";"PT";"Norte";"Colisão Traseira";2;0;0;0;0;0;0;0;0;0;4;0;0;0;0
"25/03/2023";"12:14:00";"45";"ac03 - Aci";"325+434";"PT";"Norte";"Queda de Moto";1;0;0;1;0;0;0;0;0;0;2;0;0;0;0
"25/03/2023";"03:44:00";"69";"ac03 - Aci";"332+320";"PT";"Sul";"Choque - Defensa";1;0;0;0;0;0;0;0;0;0;1;0;0;0;0
"26/03/2023";"08:41:00";"82";"ac02 - Aci";"333+624";"R2";"Sul";"Queda de Moto";0;0;0;1;0;0;0;0;0;0;0;1;0;0;0
"27/03/2023";"11:44:00";"60";"ac03 - Aci";"322+610";"PT";"Norte";"Tombamento";0;0;0;1;0;0;0;0;0;0;1;0;0;0;0
"27/03/2023";"01:57:00";"74";"ac02 - Aci";"323+070";"PT";"Sul";"Colisão Traseira";2;0;0;0;0;0;0;0;0;0;1;1;0;0;0
"28/03/2023";"04:47:00";"90";"ac03 - Aci";"332+320";"PT";"Sul";"Colisão Traseira";1;0;0;1;0;0;0;0;0;0;3;0;0;0;0
"30/03/2023";"05:34:00";"98";"ac02 - Aci";"322+067";"N03";"Sul";"Colisão lateral no mesmo sentido";1;0;0;1;0;0;0;0;0;0;1;1;0;0;0
"31/03/2023";"11:46:00";"60";"ac02 - Aci";"0+221";"N14";"Sul";"Colisão lateral no mesmo sentido";1;0;0;0;0;0;0;0;0;0;1;1;0;0;0
"31/03/2023";"05:50:00";"113";"ac02 - Aci";"332+500";"PT";"Norte";"Queda de Moto";1;0;0;1;0;0;0;0;0;0;1;1;0;0;0
"01/04/2023";"08:22:00";"36";"ac03 - Aci";"322.089";"PT";"Sul";"Colisão lateral no mesmo sentido";1;0;1;0;0;0;0;0;0;0;4;0;0;0;0
"01/04/2023";"10:33:00";"51";"ac02 - Aci";"322.067";"N03";"Sul";"Atropelamento Ciclista";1;1;0;0;0;0;0;0;0;0;2;1;0;0;0
"01/04/2023";"04:47:00";"96";"ac02 - Aci";"334.386";"R2";"Sul";"Queda de Moto";0;0;0;1;0;0;0;0;0;0;0;2;0;0;0
"02/04/2023";"01:26:00";"2";"ac03 - Aci";"322.221";"PT";"Sul";"Choque - Defensa";1;0;0;0;0;0;0;0;0;0;1;0;0;0;0
"03/04/2023";"07:32:00";"21";"ac03 - Aci";"324.3";"PT";"Sul";"Queda de Moto";0;0;0;1;0;0;0;0;0;0;1;0;0;0;0
"03/04/2023";"09:47:00";"40";"ac02 - Aci";"323.56";"PT";"Norte";"Queda de Moto";0;0;0;1;0;0;0;0;0;0;0;2;0;0;0
"03/04/2023";"03:59:00";"75";"ac02 - Aci";"323.56";"PT";"Norte";"Colisão Traseira";1;0;0;1;0;0;0;0;0;0;1;1;0;0;0
"04/04/2023";"10:08:00";"49";"ac03 - Aci";"332.232";"PT";"Sul";"Engavetamento";2;0;0;0;0;0;0;0;0;1;6;0;0;0;0
"05/04/2023";"05:24:00";"14";"ac03 - Aci";"323.988";"PT";"Sul";"Queda de Moto";0;0;0;1;0;0;0;0;0;0;1;0;0;0;0
"05/04/2023";"12:53:00";"66";"ac03 - Aci";"0";"MERGULHÃO";"Norte";"Colisão Traseira";2;0;0;0;0;0;0;0;0;0;2;0;0;0;0
"06/04/2023";"02:05:00";"15";"ac03 - Aci";"327.984";"PT";"Norte";"Colisão Traseira";2;0;0;0;0;0;0;0;0;0;2;0;0;0;0
"06/04/2023";"03:11:00";"100";"ac02 - Aci";"330.24";"PT";"Norte";"Colisão lateral no mesmo sentido";2;0;0;1;0;0;0;0;0;0;2;0;1;0;0
"06/04/2023";"11:00:00";"162";"ac03 - Aci";"323.936";"PT";"Norte";"Colisão Traseira";2;0;0;0;0;0;0;0;0;0;5;0;0;0;0
"08/04/2023";"06:47:00";"12";"ac03 - Aci";"322.255";"PT";"Norte";"Choque - Defensa";1;0;0;0;0;0;0;0;0;0;1;0;0;0;0
"09/04/2023";"07:56:00";"13";"ac02 - Aci";"328.32";"PT";"Norte";"Queda de Moto";0;0;0;1;0;0;0;0;0;0;0;1;1;0;0
"09/04/2023";"11:12:00";"85";"ac03 - Aci";"332.5";"PT";"Sul";"Colisão Traseira";2;0;0;0;0;0;0;0;0;0;9;0;0;0;0
"10/04/2023";"09:28:00";"43";"ac02 - Aci";"328.992";"PT";"Sul";"Engavetamento";4;0;0;0;0;0;0;0;0;0;5;1;1;0;0
"12/04/2023";"12:09:00";"46";"ac03 - Aci";"329.28";"PT";"Norte";"Colisão Traseira";3;0;1;0;0;0;0;0;0;0;4;0;0;0;0
"12/04/2023";"12:20:00";"48";"ac03 - Aci";"329.52";"PT";"Sul";"Colisão Traseira";2;0;0;0;0;0;0;0;0;0;2;0;0;0;0
"13/04/2023";"07:54:00";"24";"ac03 - Aci";"333.14";"PT";"Norte";"Colisão lateral no mesmo sentido";2;0;0;0;0;0;0;0;0;0;4;0;0;0;0
"13/04/2023";"09:59:00";"48";"ac03 - Aci";"330.72";"PT";"Sul";"Colisão Traseira";1;0;0;0;1;0;0;0;0;0;2;0;0;0;0
"14/04/2023";"06:47:00";"13";"ac03 - Aci";"325.04";"PT";"Sul";"Choque - Defensa";1;0;0;0;0;0;0;0;0;0;1;0;0;0;0
"14/04/2023";"05:01:00";"94";"ac03 - Aci";"322.255";"PT";"Norte";"Colisão lateral no mesmo sentido";0;0;0;1;0;0;0;0;0;0;1;0;0;0;0
"16/04/2023";"04:30:00";"6";"ac03 - Aci";"325.936";"PT";"Norte";"Choque - Barreira";1;0;0;0;0;0;0;0;0;0;1;0;0;0;0
"16/04/2023";"07:07:00";"73";"ac02 - Aci";"322.255";"PT";"Norte";"Colisão lateral no mesmo sentido";1;0;0;1;0;0;0;0;0;0;1;4;0;0;0
"17/04/2023";"02:54:00";"68";"ac03 - Aci";"330.96";"PT";"Norte";"Choque - Veículo parado na pista";2;0;0;0;0;0;0;0;0;0;2;0;0;0;0
"18/04/2023";"06:00:00";"91";"ac03 - Aci";"328.992";"PT";"Sul";"Colisão Traseira";2;0;0;0;0;0;0;0;0;0;2;0;0;0;0
"19/04/2023";"02:30:00";"5";"ac03 - Aci";"322.61";"PT";"Norte";"Choque - Meio Fio";1;0;0;0;0;0;0;0;0;0;1;0;0;0;0
"22/04/2023";"08:49:00";"20";"ac03 - Aci";"0";"N10";"Norte";"Colisão lateral no mesmo sentido";2;0;0;0;0;0;0;0;0;0;2;0;0;0;0
"22/04/2023";"03:31:00";"50";"ac03 - Aci";"322.255";"PT";"Sul";"Colisão lateral no mesmo sentido";1;0;0;0;1;0;0;0;0;0;2;0;0;0;0
"22/04/2023";"11:44:00";"89";"ac02 - Aci";"333.62";"PT";"Sul";"Queda de Moto";0;0;0;1;0;0;0;0;0;0;0;0;1;0;0
"23/04/2023";"10:18:00";"24";"ac03 - Aci";"329.52";"PT";"Norte";"Colisão lateral no mesmo sentido";2;0;0;0;0;0;0;0;0;0;2;0;0;0;0
"23/04/2023";"12:13:00";"35";"ac03 - Aci";"0.081";"N01";"Sul";"Engavetamento";3;0;0;0;0;0;0;0;0;0;3;0;0;0;0
"23/04/2023";"02:40:00";"52";"ac02 - Aci";"333.14";"PT";"Sul";"Colisão lateral no mesmo sentido";1;0;0;1;0;0;0;0;0;0;3;1;0;0;0
"24/04/2023";"04:35:00";"78";"ac02 - Aci";"322.255";"PT";"Sul";"Choque - Outros";0;0;0;1;0;0;0;0;0;0;0;1;0;0;0
"24/04/2023";"08:51:00";"106";"ac02 - Aci";"332.91";"PT";"Norte";"Atropelamento - Andarilho";0;0;0;0;0;0;0;0;0;0;0;0;1;0;0
"26/04/2023";"08:39:00";"22";"ac02 - Aci";"327.6";"PT";"Sul";"Colisão Traseira";1;0;0;1;0;0;0;0;0;0;1;1;0;0;0
"26/04/2023";"01:15:00";"47";"ac02 - Aci";"323.07";"PT";"Norte";"Engavetamento";4;0;0;0;0;0;0;0;0;0;5;0;1;0;0
"28/04/2023";"09:37:00";"40";"ac02 - Aci";"323.232";"PT";"Norte";"Queda de Moto";0;0;0;1;0;0;0;0;0;0;0;2;0;0;0
"28/04/2023";"06:48:00";"115";"ac03 - Aci";"323.34";"PT";"Norte";"Engavetamento";4;0;0;0;0;0;0;0;0;0;8;0;0;0;0
"28/04/2023";"08:37:00";"127";"ac03 - Aci";"322.61";"PT";"Norte";"Colisão Traseira";1;0;0;1;0;0;0;0;0;0;5;0;0;0;0
"28/04/2023";"11:53:00";"145";"ac03 - Aci";"322.067";"N03";"Sul";"Colisão Traseira";1;0;1;0;0;0;0;0;0;0;5;0;0;0;0
"29/04/2023";"05:57:00";"15";"ac03 - Aci";"328.08";"PT";"Sul";"Choque - Veículo parado na pista";2;0;0;0;0;0;0;0;0;0;2;0;0;0;0
"30/04/2023";"07:57:00";"65";"ac03 - Aci";"0.704";"N09";"Sul";"Choque - Meio Fio";1;0;0;0;0;0;0;0;0;0;2;0;0;0;0
"30/04/2023";"08:04:00";"68";"ac03 - Aci";"0.151";"N11A";"Sul";"Queda de Moto";0;0;0;1;0;0;0;0;0;0;1;0;0;0;0