data;horario;n_da_ocorrencia;tipo_de_ocorrencia;km;trecho;sentido;tipo_de_acidente;automovel;bicicleta;caminhao;moto;onibus;outros;tracao_animal;transporte_de_cargas_especiais;trator_maquinas;utilitarios;ilesos;levemente_feridos;moderadamente_feridos;gravemente_feridos;mortos
"13/12/2023";"11:17:00";"113";"ac03 - Aci";"324.04";"PT";"Norte";"Colisão Traseira";2;0;0;0;0;0;0;0;0;0;4;0;0;0;0
"14/12/2023";"12:35:00";"44";"ac02 - Aci";"325.04";"PT";"Sul";"Colisão lateral no mesmo sentido";3;0;0;1;0;0;0;0;0;0;4;1;0;0;0
"16/12/2023";"04:47:00";"130";"ac02 - Aci";"329.952";"PT";"Norte";"Colisão lateral no mesmo sentido";1;0;0;1;0;0;0;0;0;0;0;1;2;0;0
"17/12/2023";"03:44:00";"73";"ac02 - Aci";"322.61";"PT";"Norte";"Engavetamento";3;0;0;0;0;0;0;0;0;0;3;1;0;0;0
"18/12/2023";"09:41:00";"45";"ac03 - Aci";"329.28";"PT";"Sul";"Engavetamento";1;0;0;0;0;0;0;0;0;1;3;0;0;0;0
"18/12/2023";"09:02:00";"134";"ac02 - Aci";"333.624";"R2A";"Norte";"Colisão Traseira";1;0;0;1;0;0;0;0;0;0;2;0;1;1;0
"19/12/2023";"09:17:00";"104";"ac03 - Aci";"322.255";"PT";"Norte";"Colisão Traseira";2;0;0;0;0;0;0;0;0;0;4;0;0;0;0
"20/12/2023";"06:11:00";"10";"ac02 - Aci";"333.939";"R2A";"Norte";"Colisão Traseira";1;0;0;0;0;0;0;0;0;0;0;1;0;0;0
"20/12/2023";"08:49:00";"29";"ac02 - Aci";"327.44";"PT";"Norte";"Choque - Veículo parado na pista";2;0;0;0;0;0;0;0;0;0;0;1;1;0;0
"20/12/2023";"07:55:00";"118";"ac03 - Aci";"0";"N13";"Sul";"Colisão lateral no mesmo sentido";1;0;0;0;0;1;0;0;0;0;2;0;0;0;0
"21/12/2023";"04:47:00";"12";"ac02 - Aci";"324.3";"PT";"Norte";"Capotamento";2;0;0;0;0;0;0;0;0;0;0;4;0;0;0
"21/12/2023";"05:54:00";"15";"ac02 - Aci";"327.6";"PT";"Norte";"Queda de Moto";1;0;0;0;0;0;0;0;0;0;0;0;1;0;0
"21/12/2023";"11:51:00";"54";"ac02 - Aci";"331.968";"PT";"Norte";"Queda de Moto";0;0;0;1;0;0;0;0;0;0;0;1;0;1;0
"21/12/2023";"12:58:00";"63";"ac03 - Aci";"324.04";"PT";"Norte";"Colisão Traseira";0;0;0;1;0;0;0;0;0;0;1;0;0;0;0
"22/12/2023";"05:25:00";"86";"ac02 - Aci";"329.52";"PT";"Sul";"Choque - Veículo parado na pista";0;0;0;0;0;0;0;0;0;2;1;1;0;0;0
"23/12/2023";"05:37:00";"12";"ac03 - Aci";"325.04";"PT";"Norte";"Engavetamento";3;0;0;0;0;0;0;0;0;0;4;0;0;0;0
"25/12/2023";"09:37:00";"16";"ac02 - Aci";"331.528";"PT";"Norte";"Queda de Moto";1;0;0;0;0;0;0;0;0;0;0;2;0;0;0
"26/12/2023";"02:21:00";"79";"ac03 - Aci";"328.32";"PT";"Norte";"Capotamento";1;0;0;0;0;0;0;0;0;0;1;0;0;0;0
"26/12/2023";"08:46:00";"145";"ac03 - Aci";"323.286";"PT";"Norte";"Engavetamento";4;0;0;0;0;0;0;0;0;0;5;0;0;0;0
"28/12/2023";"02:46:00";"100";"ac03 - Aci";"330.72";"PT";"Norte";"Engavetamento";3;0;0;0;0;0;0;0;0;0;9;0;0;0;0
"28/12/2023";"10:16:00";"173";"ac03 - Aci";"333.512";"PT";"Norte";"Colisão lateral no mesmo sentido";1;0;1;0;0;1;0;0;0;0;5;0;0;0;0
"29/12/2023";"09:48:00";"44";"ac02 - Aci";"329.376";"PT";"Norte";"Colisão Traseira";1;0;0;1;0;0;0;0;0;0;0;6;0;0;0
"29/12/2023";"12:17:00";"65";"ac03 - Aci";"326.44";"PT";"Norte";"Colisão lateral no mesmo sentido";1;0;0;1;0;0;0;0;0;0;2;0;0;0;0
"29/12/2023";"04:54:00";"105";"ac03 - Aci";"326.272";"PT";"Norte";"Colisão lateral no mesmo sentido";2;0;0;1;0;0;0;0;0;0;3;0;0;0;0
"30/12/2023";"04:35:00";"17";"ac03 - Aci";"322.908";"PT";"Norte";"Colisão Traseira";2;0;0;0;0;0;0;0;0;0;5;0;0;0;0
"30/12/2023";"07:18:00";"49";"ac02 - Aci";"331.528";"PT";"Norte";"Queda de Moto";0;0;0;1;0;0;0;0;0;0;0;2;0;0;0
"31/12/2023";"02:26:00";"43";"ac02 - Aci";"330";"PT";"Sul";"Choque - Defensa";0;0;0;1;0;0;0;0;0;0;0;0;1;0;0
"01/01/2024";"12:49:00";"4";"Com vítima";"329,520";"BR-101/RJ";"Crescente";"Queda de moto";0;0;0;0;0;0;0;0;0;0;0;2;0;0;0
"02/01/2024";"03:19:00";"11";"Sem vítima";"330,960";"BR-101/RJ";"Crescente";"Colisão lateral no mesmo sentido";0;0;0;0;0;0;0;0;0;0;2;0;0;0;0
"04/01/2024";"03:19:00";"8";"Sem vítima";"333,460";"BR-101/RJ";"Decrescente";"Engavetamento";0;0;0;0;0;0;0;0;0;0;3;0;0;0;0
"04/01/2024";"03:20:00";"9";"Sem vítima";"331,440";"BR-101/RJ";"Decrescente";"Colisão lateral no mesmo sentido";0;0;0;0;0;0;0;0;0;0;2;0;0;0;0
"04/01/2024";"06:08:00";"32";"Sem vítima";"322,255";"BR-101/RJ";"Decrescente";"Colisão lateral no mesmo sentido";0;0;0;0;0;0;0;0;0;0;2;0;0;0;0
"05/01/2024";"07:06:00";"38";"Com vítima";"332,500";"BR-101/RJ";"Decrescente";"Choque";0;0;0;0;0;0;0;0;0;0;0;5;0;0;0
"06/01/2024";"06:11:00";"33";"Sem vítima";"322,255";"BR-101/RJ";"Crescente";"Colisão traseira";0;0;0;0;0;0;0;0;0;0;3;0;0;0;0
"06/01/2024";"10:13:00";"60";"Sem vítima";"322,724";"BR-101/RJ";"Decrescente";"Colisão lateral no mesmo sentido";0;0;0;0;0;0;0;0;0;0;4;0;0;0;0
"08/01/2024";"09:45:00";"52";"Sem vítima";"322,089";"BR-101/RJ";"Decrescente";"Colisão lateral no mesmo sentido";0;0;0;0;0;0;0;0;0;0;4;0;0;0;0
"08/01/2024";"02:15:00";"101";"Com vítima";"331,200";"BR-101/RJ";"Decrescente";"Colisão traseira";0;0;0;0;0;0;0;0;0;0;1;1;0;0;0
"10/01/2024";"08:48:00";"50";"Com vítima";"323,070";"BR-101/RJ";"Decrescente";"Colisão traseira";0;0;0;0;0;0;0;0;0;0;1;1;0;0;0
"10/01/2024";"09:49:00";"56";"Com vítima";"323,648";"BR-101/RJ";"Decrescente";"Colisão traseira";0;0;0;0;0;0;0;0;0;0;1;1;0;0;0
"10/01/2024";"12:41:00";"86";"Sem vítima";"0,000";"Acesso N ";"Decrescente";"Queda de moto";0;0;0;0;0;0;0;0;0;0;1;0;0;0;0
"10/01/2024";"04:49:00";"120";"Com vítima";"328,656";"BR-101/RJ";"Crescente";"Queda de moto";0;0;0;0;0;0;0;0;0;0;0;1;0;0;0
"10/01/2024";"05:15:00";"124";"Com vítima";"322,089";"BR-101/RJ";"Decrescente";"Colisão lateral no mesmo sentido";0;0;0;0;0;0;0;0;0;0;1;1;0;0;0
"11/01/2024";"07:41:00";"35";"Com vítima";"323,780";"BR-101/RJ";"Crescente";"Queda de moto";0;0;0;0;0;0;0;0;0;0;0;1;0;0;0
"11/01/2024";"07:57:00";"39";"Sem vítima";"0,151";"Acesso N ";"Crescente";"Colisão lateral no mesmo sentido";0;0;0;0;0;0;0;0;0;0;6;0;0;0;0
"11/01/2024";"04:36:00";"128";"Sem vítima";"322,610";"BR-101/RJ";"Decrescente";"Queda de moto";0;0;0;0;0;0;0;0;0;0;1;0;0;0;0
"12/01/2024";"02:58:00";"90";"Sem vítima";"323,384";"BR-101/RJ";"Decrescente";"Colisão traseira";0;0;0;0;0;0;0;0;0;0;1;0;0;0;0
"12/01/2024";"08:11:00";"157";"Sem vítima";"322,854";"BR-101/RJ";"Decrescente";"Colisão traseira";0;0;0;0;0;0;0;0;0;0;6;0;0;0;0
"15/01/2024";"04:47:00";"33";"Com vítima";"333,620";"BR-101/RJ";"Decrescente";"Colisão traseira";0;0;0;0;0;0;0;0;0;0;1;1;0;0;0
"15/01/2024";"05:11:00";"40";"Com vítima";"329,760";"BR-101/RJ";"Decrescente";"Colisão traseira";0;0;0;0;0;0;0;0;0;0;2;0;1;0;0
"15/01/2024";"10:00:00";"83";"Com vítima";"326,440";"BR-101/RJ";"Crescente";"Queda de moto";0;0;0;0;0;0;0;0;0;0;0;0;1;0;0
"16/01/2024";"03:03:00";"15";"Sem vítima";"329,760";"BR-101/RJ";"Decrescente";"Colisão traseira";0;0;0;0;0;0;0;0;0;0;2;0;0;0;0
"16/01/2024";"01:11:00";"107";"Com vítima";"322,610";"BR-101/RJ";"Decrescente";"Colisão traseira";0;0;0;0;0;0;0;0;0;0;3;0;1;0;0
"17/01/2024";"04:07:00";"29";"Com vítima";"323,070";"BR-101/RJ";"Crescente";"Colisão traseira";0;0;0;0;0;0;0;0;0;0;1;1;1;0;0
"18/01/2024";"11:51:00";"68";"Com vítima";"322,255";"BR-101/RJ";"Decrescente";"Colisão lateral no mesmo sentido";0;0;0;0;0;0;0;0;0;0;1;1;0;0;0
"19/01/2024";"04:24:00";"14";"Sem vítima";"327,600";"BR-101/RJ";"Decrescente";"Queda de moto";0;0;0;0;0;0;0;0;0;0;1;0;0;0;0
"21/01/2024";"03:32:00";"14";"Sem vítima";"326,608";"BR-101/RJ";"Crescente";"Choque";0;0;0;0;0;0;0;0;0;0;1;0;0;0;0
"21/01/2024";"10:52:00";"43";"Com vítima";"326,440";"BR-101/RJ";"Crescente";"Colisão traseira";0;0;0;0;0;0;0;0;0;0;1;0;0;1;0
"23/01/2024";"08:30:00";"49";"Com vítima";"330,240";"BR-101/RJ";"Crescente";"Colisão traseira";0;0;0;0;0;0;0;0;0;0;1;1;0;0;0
"23/01/2024";"12:53:00";"88";"Com vítima";"328,896";"BR-101/RJ";"Decrescente";"Colisão lateral no mesmo sentido";0;0;0;0;0;0;0;0;0;0;1;1;0;0;0
"26/01/2024";"09:57:00";"52";"Sem vítima";"322,610";"BR-101/RJ";"Crescente";"Colisão lateral no mesmo sentido";0;0;0;0;0;0;0;0;0;0;5;0;0;0;0
"30/01/2024";"02:21:00";"110";"Com vítima";"327,280";"BR-101/RJ";"Decrescente";"Colisão traseira";0;0;0;0;0;0;0;0;0;0;1;1;0;0;0
"31/01/2024";"09:39:00";"60";"Com vítima";"0,000";"Acesso N ";"Decrescente";"Queda de moto";0;0;0;0;0;0;0;0;0;0;0;1;0;0;0
"31/01/2024";"11:04:00";"68";"Sem vítima";"322,255";"BR-101/RJ";"Crescente";"Colisão lateral no mesmo sentido";0;0;0;0;0;0;0;0;0;0;2;0;0;0;0
"31/01/2024";"04:54:00";"105";"Com vítima";"322,610";"BR-101/RJ";"Decrescente";"Queda de moto";0;0;0;0;0;0;0;0;0;0;1;1;0;0;0
"01/02/2024";"08:22:00";"43";"Com vítima";"330,720";"BR-101/RJ";"Crescente";"Queda de moto";0;0;0;0;0;0;0;0;0;0;1;0;2;0;0
"06/02/2024";"12:42:00";"77";"Sem vítima";"323,070";"BR-101/RJ";"Decrescente";"Colisão traseira";0;0;0;0;0;0;0;0;0;0;6;0;0;0;0
"07/02/2024";"02:47:00";"124";"Com vítima";"324,650";"BR-101/RJ";"Decrescente";"Colisão traseira";0;0;0;0;0;0;0;0;0;0;1;1;0;0;0
"09/02/2024";"05:03:00";"33";"Sem vítima";"323,560";"BR-101/RJ";"Decrescente";"Colisão traseira";0;0;0;0;0;0;0;0;0;0;3;0;0;0;0
"09/02/2024";"04:50:00";"117";"Com vítima";"330,720";"BR-101/RJ";"Crescente";"Colisão traseira";0;0;0;0;0;0;0;0;0;0;1;0;1;0;0
"10/02/2024";"05:46:00";"51";"Sem vítima";"323,832";"BR-101/RJ";"Decrescente";"Colisão traseira";0;0;0;0;0;0;0;0;0;0;2;0;0;0;0
"10/02/2024";"06:00:00";"139";"Sem vítima";"322,610";"BR-101/RJ";"Decrescente";"Colisão lateral no mesmo sentido";0;0;0;0;0;0;0;0;0;0;6;0;0;0;0
"11/02/2024";"07:17:00";"46";"Sem vítima";"323,560";"BR-101/RJ";"Decrescente";"Colisão traseira";0;0;0;0;0;0;0;0;0;0;3;0;0;0;0
"11/02/2024";"11:34:00";"75";"Sem vítima";"329,040";"BR-101/RJ";"Crescente";"Colisão lateral no mesmo sentido";0;0;0;0;0;0;0;0;0;0;2;0;0;0;0
"11/02/2024";"11:46:00";"77";"Sem vítima";"322,255";"BR-101/RJ";"Decrescente";"Engavetamento";0;0;0;0;0;0;0;0;0;0;7;0;0;0;0
"11/02/2024";"08:37:00";"108";"Sem vítima";"329,232";"BR-101/RJ";"Crescente";"Queda de moto";0;0;0;0;0;0;0;0;0;0;2;0;0;0;0
"12/02/2024";"11:48:00";"65";"Sem vítima";"0,000";"Acesso N ";"Crescente";"Choque";0;0;0;0;0;0;0;0;0;0;1;0;0;0;0
"15/02/2024";"07:00:00";"46";"Com vítima";"323,384";"BR-101/RJ";"Decrescente";"Queda de moto";0;0;0;0;0;0;0;0;0;0;0;1;0;0;0
"16/02/2024";"02:40:00";"7";"Com vítima";"329,520";"BR-101/RJ";"Decrescente";"Choque";0;0;0;0;0;0;0;0;0;0;2;1;0;0;0
"20/02/2024";"03:57:00";"12";"Com vítima";"323,255";"BR-101/RJ";"Crescente";"Colisão lateral no mesmo sentido";0;0;0;0;0;0;0;0;0;0;4;1;0;0;0
"21/02/2024";"07:30:00";"113";"Sem vítima";"330,000";"BR-101/RJ";"Decrescente";"Choque";0;0;0;0;0;0;0;0;0;0;3;0;0;0;0
"23/02/2024";"05:01:00";"112";"Sem vítima";"328,608";"BR-101/RJ";"Crescente";"Colisão lateral no mesmo sentido";0;0;0;0;0;0;0;0;0;0;2;0;0;0;0
"24/02/2024";"07:44:00";"38";"Com vítima";"326,776";"BR-101/RJ";"Decrescente";"Colisão traseira";0;0;0;0;0;0;0;0;0;0;1;0;1;0;0
"24/02/2024";"08:29:00";"42";"Sem vítima";"0,377";"Acesso N ";"Crescente";"Choque";0;0;0;0;0;0;0;0;0;0;1;0;0;0;0
"24/02/2024";"06:56:00";"104";"Com vítima";"333,939";"Acesso R ";"Decrescente";"Colisão frontal";0;0;0;0;0;0;0;0;0;0;1;0;2;0;0
"25/02/2024";"01:26:00";"45";"Com vítima";"327,600";"BR-101/RJ";"Crescente";"Queda de moto";0;0;0;0;0;0;0;0;0;0;0;1;1;0;0
"25/02/2024";"06:46:00";"78";"Sem vítima";"0,000";"Acesso R ";"Crescente";"Colisão traseira";0;0;0;0;0;0;0;0;0;0;3;0;0;0;0
"26/02/2024";"12:04:00";"83";"Sem vítima";"324,650";"BR-101/RJ";"Decrescente";"Engavetamento";0;0;0;0;0;0;0;0;0;0;5;0;0;0;0
"26/02/2024";"12:09:00";"84";"Com vítima";"322,572";"BR-101/RJ";"Decrescente";"Colisão traseira";0;0;0;0;0;0;0;0;0;0;3;1;0;0;0
"28/02/2024";"06:19:00";"84";"Com vítima";"327,600";"BR-101/RJ";"Decrescente";"Colisão traseira";0;0;0;0;0;0;0;0;0;0;1;0;2;0;0
"29/02/2024";"08:04:00";"43";"Sem vítima";"322,610";"BR-101/RJ";"Crescente";"Choque";0;0;0;0;0;0;0;0;0;0;1;0;0;0;0
"29/02/2024";"09:09:00";"54";"Sem vítima";"325,600";"BR-101/RJ";"Decrescente";"Colisão traseira";0;0;0;0;0;0;0;0;0;0;3;0;0;0;0
"03/03/2024";"03:10:00";"13";"Com vítima";"326,272";"BR-101/RJ";"Decrescente";"Engavetamento";0;0;0;0;0;0;0;0;0;0;0;7;0;0;0
"04/03/2024";"05:56:00";"30";"Sem vítima";"333,300";"BR-101/RJ";"Decrescente";"Colisão lateral no mesmo sentido";0;0;0;0;0;0;0;0;0;0;2;0;0;0;0
"04/03/2024";"02:48:00";"80";"Com vítima";"324,040";"BR-101/RJ";"Decrescente";"Colisão lateral no mesmo sentido";0;0;0;0;0;0;0;0;0;0;2;1;0;0;0
"06/03/2024";"03:41:00";"105";"Com vítima";"322,089";"BR-101/RJ";"Decrescente";"Colisão lateral no mesmo sentido";0;0;0;0;0;0;0;0;0;0;2;1;0;0;0
"08/03/2024";"10:56:00";"47";"Com vítima";"326,440";"BR-101/RJ";"Decrescente";"Colisão traseira";0;0;0;0;0;0;0;0;0;0;3;1;0;0;0
"10/03/2024";"05:50:00";"28";"Sem vítima";"322,255";"BR-101/RJ";"Crescente";"Colisão lateral no mesmo sentido";0;0;0;0;0;0;0;0;0;0;2;0;0;0;0
"11/03/2024";"06:16:00";"26";"Com vítima";"329,520";"BR-101/RJ";"Crescente";"Colisão traseira";0;0;0;0;0;0;0;0;0;0;3;1;0;0;0
"11/03/2024";"10:08:00";"54";"Com vítima";"0,099";"Acesso N ";"Crescente";"Queda de moto";0;0;0;0;0;0;0;0;0;0;0;1;0;0;0
"11/03/2024";"04:34:00";"106";"Sem vítima";"0,826";"Acesso R ";"Crescente";"Choque";0;0;0;0;0;0;0;0;0;0;4;0;0;0;0
"12/03/2024";"06:50:00";"35";"Sem vítima";"328,752";"BR-101/RJ";"Crescente";"Colisão traseira";0;0;0;0;0;0;0;0;0;0;3;0;0;0;0
"12/03/2024";"12:47:00";"76";"Com vítima";"331,440";"BR-101/RJ";"Crescente";"Choque";0;0;0;0;0;0;0;0;0;0;1;1;0;0;1
"13/03/2024";"12:11:00";"5";"Com vítima";"333,620";"BR-101/RJ";"Decrescente";"Choque";0;0;0;0;0;0;0;0;0;0;0;2;0;0;0
"14/03/2024";"07:52:00";"39";"Sem vítima";"322,089";"BR-101/RJ";"Decrescente";"Colisão lateral no mesmo sentido";0;0;0;0;0;0;0;0;0;0;3;0;0;0;0
"14/03/2024";"03:26:00";"94";"Com vítima";"331,344";"BR-101/RJ";"Decrescente";"Colisão traseira";0;0;0;0;0;0;0;0;0;0;0;4;0;0;0
"15/03/2024";"08:17:00";"150";"Com vítima";"331,528";"BR-101/RJ";"Decrescente";"Colisão traseira";0;0;0;0;0;0;0;0;0;0;1;0;1;0;0
"16/03/2024";"05:09:00";"25";"Sem vítima";"322,610";"BR-101/RJ";"Decrescente";"Colisão traseira";0;0;0;0;0;0;0;0;0;0;2;0;0;0;0
"16/03/2024";"01:38:00";"97";"Com vítima";"323,384";"BR-101/RJ";"Decrescente";"Engavetamento";0;0;0;0;0;0;0;0;0;0;2;3;0;0;0
"18/03/2024";"02:17:00";"123";"Sem vítima";"332,910";"BR-101/RJ";"Decrescente";"Colisão lateral no mesmo sentido";0;0;0;0;0;0;0;0;0;0;2;0;0;0;0
"19/03/2024";"08:35:00";"50";"Sem vítima";"322,067";"Acesso N ";"Crescente";"Colisão lateral no mesmo sentido";0;0;0;0;0;0;0;0;0;0;2;0;0;0;0
"19/03/2024";"09:35:00";"57";"Sem vítima";"325,434";"BR-101/RJ";"Crescente";"Engavetamento";0;0;0;0;0;0;0;0;0;0;3;0;0;0;0
"19/03/2024";"04:44:00";"98";"Com vítima";"322,255";"BR-101/RJ";"Crescente";"Queda de moto";0;0;0;0;0;0;0;0;0;0;0;2;0;0;0
"21/03/2024";"12:58:00";"112";"Com vítima";"0,836";"Acesso N ";"Crescente";"Choque";0;0;0;0;0;0;0;0;0;0;1;0;1;0;0
"22/03/2024";"10:01:00";"61";"Sem vítima";"322,067";"Acesso N ";"Crescente";"Colisão traseira";0;0;0;0;0;0;0;0;0;0;5;0;0;0;0
"22/03/2024";"10:36:00";"64";"Sem vítima";"322,610";"BR-101/RJ";"Decrescente";"Queda de moto";0;0;0;0;0;0;0;0;0;0;1;0;0;0;0
"24/03/2024";"07:46:00";"26";"Com vítima";"322,610";"BR-101/RJ";"Decrescente";"Choque";0;0;0;0;0;0;0;0;0;0;3;1;1;0;0
"24/03/2024";"08:31:00";"28";"Sem vítima";"330,720";"BR-101/RJ";"Decrescente";"Engavetamento";0;0;0;0;0;0;0;0;0;0;4;0;0;0;0
"26/03/2024";"06:03:00";"23";"Sem vítima";"333,364";"BR-101/RJ";"Decrescente";"Colisão traseira";0;0;0;0;0;0;0;0;0;0;4;0;0;0;0
"26/03/2024";"04:15:00";"102";"Com vítima";"0,377";"Acesso N ";"Crescente";"Colisão lateral no mesmo sentido";0;0;0;0;0;0;0;0;0;0;1;1;0;0;0
"27/03/2024";"05:55:00";"33";"Sem vítima";"329,280";"BR-101/RJ";"Crescente";"Colisão traseira";0;0;0;0;0;0;0;0;0;0;2;0;0;0;0
"28/03/2024";"08:36:00";"42";"Com vítima";"331,440";"BR-101/RJ";"Decrescente";"Colisão traseira";0;0;0;0;0;0;0;0;0;0;0;2;0;0;0
"28/03/2024";"09:32:00";"48";"Sem vítima";"323,070";"BR-101/RJ";"Decrescente";"Colisão traseira";0;0;0;0;0;0;0;0;0;0;2;0;0;0;0
"28/03/2024";"03:02:00";"81";"Com vítima";"324,350";"BR-101/RJ";"Crescente";"Colisão lateral no mesmo sentido";0;0;0;0;0;0;0;0;0;0;1;2;0;0;0
"30/03/2024";"09:55:00";"1";"Com vítima";"330,624";"BR-101/RJ";"Crescente";"Choque";0;0;0;0;0;0;0;0;0;0;0;6;0;0;0
"01/04/2024";"08:42:00";"60";"Sem vítima";"323,384";"BR-101/RJ";"Crescente";"Colisão traseira";1;0;0;1;0;0;0;0;0;0;2;0;0;0;0
"05/04/2024";"02:19:00";"76";"Sem vítima";"327,600";"BR-101/RJ";"Decrescente";"Colisão traseira";1;0;0;0;1;0;0;0;0;0;2;0;0;0;0
"06/04/2024";"02:01:00";"82";"Sem vítima";"327,600";"BR-101/RJ";"Decrescente";"Colisão traseira";2;0;0;0;0;0;0;0;0;0;2;0;0;0;0
"07/04/2024";"06:22:00";"80";"Com vítima";"0,000";"Acesso N ";"Crescente";"Colisão lateral no mesmo sentido";1;0;0;1;0;0;0;0;0;0;4;1;0;0;0
"09/04/2024";"11:05:00";"7";"Com vítima";"332,910";"BR-101/RJ";"Crescente";"Engavetamento";1;0;1;0;0;0;0;0;0;1;1;1;1;0;0
"09/04/2024";"11:52:00";"8";"Com vítima";"324,450";"BR-101/RJ";"Decrescente";"Colisão traseira";1;0;1;0;0;0;0;0;0;0;1;0;1;0;0
"10/04/2024";"03:22:00";"13";"Com vítima";"0,000";"Acesso N ";"Crescente";"Colisão lateral no mesmo sentido";1;0;0;1;0;0;0;0;0;0;1;1;0;0;0
"10/04/2024";"05:10:00";"25";"Sem vítima";"322,420";"BR-101/RJ";"Crescente";"Colisão lateral no mesmo sentido";1;0;0;1;0;0;0;0;0;0;2;0;0;0;0
"10/04/2024";"02:34:00";"94";"Com vítima";"322,255";"BR-101/RJ";"Decrescente";"Colisão traseira";1;0;0;1;0;0;0;0;0;0;1;0;1;0;0
"10/04/2024";"04:33:00";"109";"Sem vítima";"324,040";"BR-101/RJ";"Decrescente";"Colisão lateral no mesmo sentido";2;0;0;0;0;0;0;0;0;0;3;0;0;0;0
"12/04/2024";"12:50:00";"70";"Com vítima";"328,800";"BR-101/RJ";"Crescente";"Colisão traseira";0;0;0;1;0;1;0;0;0;0;1;1;0;0;0
"15/04/2024";"02:51:00";"15";"Sem vítima";"322,255";"BR-101/RJ";"Crescente";"Engavetamento";6;0;0;0;0;0;0;0;0;0;8;0;0;0;0
"15/04/2024";"02:37:00";"72";"Sem vítima";"0,221";"Acesso N ";"Crescente";"Colisão lateral no mesmo sentido";2;0;0;0;0;0;0;0;0;0;2;0;0;0;0
"15/04/2024";"03:57:00";"85";"Sem vítima";"322,255";"BR-101/RJ";"Decrescente";"Engavetamento";2;0;0;1;0;0;0;0;0;0;3;0;0;0;0
"16/04/2024";"08:27:00";"113";"Com vítima";"0,000";"Acesso N ";"Crescente";"Colisão traseira";1;0;0;1;0;0;0;0;0;0;1;1;0;0;0
"17/04/2024";"03:51:00";"12";"Com vítima";"332,680";"BR-101/RJ";"Decrescente";"Colisão lateral no mesmo sentido";1;0;0;1;0;0;0;0;0;0;1;1;0;0;0
"17/04/2024";"05:55:00";"36";"Com vítima";"333,460";"BR-101/RJ";"Crescente";"Queda de moto";0;0;0;1;0;0;0;0;0;0;0;2;0;0;0
"18/04/2024";"03:58:00";"18";"Com vítima";"321,600";"Acesso N ";"Crescente";"Atropelamento de pedestre";0;0;0;0;0;0;0;0;0;0;0;0;1;0;0
"18/04/2024";"04:01:00";"19";"Sem vítima";"322,255";"BR-101/RJ";"Crescente";"Queda de moto";0;0;0;1;1;0;0;0;0;0;2;0;0;0;0
"18/04/2024";"12:50:00";"71";"Sem vítima";"322,496";"BR-101/RJ";"Decrescente";"Colisão traseira";3;0;0;0;0;0;0;0;0;0;4;0;0;0;0
"18/04/2024";"07:31:00";"122";"Com vítima";"322,255";"BR-101/RJ";"Decrescente";"Choque";1;0;0;0;0;0;0;0;0;0;0;1;0;0;0
"19/04/2024";"07:54:00";"30";"Com vítima";"327,280";"BR-101/RJ";"Crescente";"Colisão traseira";1;0;0;1;0;0;0;0;0;0;1;1;1;0;0
"19/04/2024";"02:44:00";"89";"Sem vítima";"324,800";"BR-101/RJ";"Decrescente";"Colisão traseira";2;0;0;0;0;0;0;0;0;0;2;0;0;0;0
"20/04/2024";"07:44:00";"34";"Sem vítima";"322,610";"BR-101/RJ";"Decrescente";"Colisão traseira";2;0;0;0;0;0;0;0;0;0;3;0;0;0;0
"21/04/2024";"10:52:00";"46";"Sem vítima";"330,096";"BR-101/RJ";"Decrescente";"Queda de moto";0;0;0;1;0;0;0;0;0;0;2;0;0;0;0
"22/04/2024";"12:00:00";"7";"Com vítima";"329,040";"BR-101/RJ";"Decrescente";"Queda de moto";0;0;0;1;0;0;0;0;0;0;0;0;1;0;0
"22/04/2024";"06:24:00";"27";"Com vítima";"325,040";"BR-101/RJ";"Crescente";"Queda de moto";0;0;0;1;0;0;0;0;0;0;0;1;0;0;0
"23/04/2024";"05:48:00";"86";"Com vítima";"326,440";"BR-101/RJ";"Decrescente";"Colisão traseira";1;0;0;2;0;0;0;0;0;0;0;2;0;1;0
"24/04/2024";"03:33:00";"16";"Sem vítima";"326,440";"BR-101/RJ";"Decrescente";"Choque";1;0;0;0;0;0;0;0;0;0;2;0;0;0;0
"25/04/2024";"10:40:00";"49";"Sem vítima";"333,624";"Acesso R ";"Decrescente";"Colisão traseira";1;0;0;0;0;1;0;0;0;0;2;0;0;0;0